Date,Visitor.Team,Visitor.Rushing.Yards,Visitor.Rushing.Attempts,Visitor.Passing.Yards,Visitor.Passing.Attempts,Visitor.Passing.Completions,Visitor.Penalties,Visitor.Penalty.Yards,Visitor.Fumbles.Lost,Visitor.Interceptions.Thrown,Visitor.1st.Downs,Visitor.3rd.Down.Attempts,Visitor.3rd.Down.Conversions,Visitor.4th.Down.Attempts,Visitor.4th.Down.conversions,Visitor.Time.of.Possession,Visitor.Score,Home.Team,Home.Rushing.Yards,Home.Rushing.Attempts,Home.Passing.Yards,Home.Passing.Attempts,Home.Passing.Completions,Home.Penalties,Home.Penalty.Yards,Home.Fumbles.Lost,Home.Interceptions.Thrown,Home.1st.Downs,Home.3rd.Down.Attempts,Home.3rd.Down.Conversions,Home.4th.Down.Attempts,Home.4th.Down.conversions,Home.Time.of.Possession,Home.Score
8/31/2006, Alcorn St.,40,26,165,33,17,8,55,3,2,2,16,4,1,0,1615,6, Louisiana-Monroe,179,46,131,20,11,9,70,2,2,9,13,5,2,2,1985,24
8/31/2006, Boston College,85,32,323,48,32,7,87,2,0,3,15,7,0,0,2102,31, Central Michigan,123,27,243,42,24,5,49,1,1,5,15,4,3,2,1498,24
8/31/2006, Sacramento State,50,28,32,15,6,11,86,0,2,3,12,1,0,0,1722,0, Boise State,215,42,212,24,15,4,26,1,0,12,11,6,0,0,1878,45
8/31/2006, Eastern Michigan,226,38,209,28,18,8,60,0,1,11,12,4,2,0,1821,20, Ball State,159,36,230,28,17,3,20,0,0,8,12,4,2,2,1779,38
8/31/2006, Eastern Washington,-14,30,140,26,12,7,43,3,1,2,13,1,1,0,1581,17, Oregon State,209,38,274,30,19,9,96,1,1,11,12,5,1,1,2019,56
8/31/2006, Florida International,97,25,150,39,22,4,40,1,0,3,16,4,3,3,1692,6, Middle Tennessee,92,35,83,18,11,6,51,0,1,7,14,2,0,0,1908,7
8/31/2006, Minnesota,322,55,146,15,8,5,44,0,1,18,10,7,1,1,1827,44, Kent State,132,37,150,13,7,4,28,3,3,10,10,6,0,0,1760,0
8/31/2006, Northern Arizona,53,39,259,20,15,9,79,0,1,4,13,5,1,0,2044,14, Arizona State,154,34,261,24,17,7,70,1,1,7,10,4,1,0,1556,35
8/31/2006, Northwestern,193,39,106,17,13,5,42,0,0,10,13,6,1,0,1743,21, Miami (Ohio),72,29,175,26,16,4,50,0,0,3,12,2,2,0,1857,3
8/31/2006, Rhode Island,198,49,95,18,7,6,35,0,2,11,16,5,4,3,1892,7, Connecticut,418,52,149,13,8,3,25,0,0,16,11,6,2,2,1708,52
8/31/2006, South Carolina,81,29,193,27,15,8,60,0,1,5,13,3,1,1,1959,15, Mississippi State,79,33,82,23,8,1,10,0,2,6,14,4,2,0,1641,0
8/31/2006, Southeastern Louisiana,88,26,130,28,17,5,55,1,1,5,12,2,4,0,1427,15, New Mexico State,134,44,381,40,29,16,162,4,0,8,17,8,3,2,2173,30
8/31/2006, Stephen F. Austin,106,25,79,25,12,4,32,0,1,6,12,2,1,1,1413,7, Tulsa,175,43,346,28,20,3,30,0,0,11,12,5,2,2,2187,45
8/31/2006, Temple,80,27,103,25,20,7,43,0,1,6,14,4,0,0,1918,3, Buffalo,168,41,188,24,13,6,40,1,0,12,13,4,1,0,1682,9
8/31/2006, UTEP,30,19,213,29,20,0,0,0,4,1,10,5,0,0,1348,34, San Diego State,109,46,275,30,24,5,39,1,2,12,19,9,2,2,2252,27
8/31/2006, Toledo,45,27,367,49,39,6,58,1,1,5,17,10,3,2,1915,43, Iowa State,159,41,234,26,17,3,18,1,0,12,13,8,2,1,1685,45
9/1/2006, Nevada,168,34,183,34,18,3,25,1,0,11,15,9,1,0,1676,19, Fresno State,212,38,124,24,16,2,37,1,0,11,15,9,2,2,1924,28
9/2/2006, Akron,33,34,192,43,23,8,57,1,2,5,18,5,4,4,2249,16, Penn State,76,27,206,32,16,5,33,2,0,4,15,7,2,0,1303,34
9/2/2006, Alabama St.,65,33,69,22,11,11,64,1,0,5,16,5,0,0,1830,0, Troy,238,38,191,39,25,4,35,1,1,14,16,9,3,1,1770,38
9/2/2006, UAB,135,40,169,17,11,11,77,1,0,8,11,2,0,0,2114,17, Oklahoma,143,29,227,24,14,5,40,2,2,5,11,3,0,0,1486,24
9/2/2006, Appalachian State,67,37,66,16,5,5,44,1,1,5,14,2,0,0,1603,10, North Carolina State,206,44,36,13,7,3,20,3,1,9,12,3,0,0,1997,23
9/2/2006, BYU,24,24,289,37,28,10,76,2,0,3,12,3,1,0,1898,13, Arizona,67,24,186,39,19,8,61,0,1,2,14,3,0,0,1702,16
9/2/2006, California,64,23,272,42,20,6,40,0,2,4,16,4,1,0,1812,18, Tennessee,216,41,298,20,13,6,47,1,1,9,11,5,1,0,1788,35
9/2/2006, Citadel,115,33,128,38,19,8,65,1,0,8,17,4,3,1,1836,3, Texas A&M,184,41,200,25,16,5,35,4,0,9,11,4,2,2,1764,35
9/2/2006, East Carolina,76,25,283,35,24,3,28,1,0,6,13,8,0,0,1595,23, Navy,403,70,6,6,2,2,10,2,0,26,11,6,3,3,2005,28
9/2/2006, Eastern Illinois,106,33,187,22,12,2,25,0,2,6,11,4,0,0,1812,17, Illinois,345,48,174,21,15,5,28,3,0,14,11,8,1,1,1788,42
9/2/2006, Eastern Kentucky,73,31,177,33,17,6,39,0,3,3,14,5,2,0,1898,0, Cincinnati,129,36,282,34,19,10,106,0,0,7,12,5,0,0,1702,31
9/2/2006, Florida Atlantic,47,34,216,43,20,4,35,3,1,5,18,8,1,0,2070,6, Clemson,199,39,173,23,14,6,50,3,1,12,13,8,1,1,1530,54
9/2/2006, Hawai'i,22,15,350,44,30,11,82,2,1,1,12,5,3,0,1456,17, Alabama,125,36,253,29,16,5,34,0,0,7,15,6,1,1,2144,25
9/2/2006, Houston,96,28,233,35,22,10,88,0,0,6,12,3,1,0,1835,31, Rice,131,31,152,26,12,1,5,1,1,6,13,5,1,0,1765,30
9/2/2006, Idaho State,62,29,288,36,19,4,37,1,1,5,13,3,2,0,1651,10, UNLV,174,33,332,46,26,6,48,0,0,9,16,6,4,3,1949,54
9/2/2006, Idaho,113,36,155,31,17,3,25,0,1,8,16,7,3,3,1932,17, Michigan State,175,36,225,25,16,2,21,0,0,9,11,4,1,0,1658,27
9/2/2006, Illinois State,93,34,253,38,24,1,7,1,1,7,17,9,2,1,2031,23, Kansas State,44,28,163,26,15,5,49,0,2,5,13,5,1,1,1569,24
9/2/2006, Indiana State,152,32,235,36,23,10,54,0,2,7,13,5,4,2,1723,35, Purdue,190,38,311,35,20,6,41,0,0,13,18,14,1,0,1877,60
9/2/2006, Louisiana Tech,67,21,238,32,13,5,25,2,1,3,14,5,0,0,1495,10, Nebraska,252,48,332,36,24,5,45,1,1,16,16,11,2,1,2105,49
9/2/2006, Marshall,154,34,168,22,12,11,120,0,1,6,12,5,1,0,1674,10, West Virginia,312,52,173,15,11,8,75,0,0,16,10,7,0,0,1926,42
9/2/2006, McNeese State,82,37,81,19,7,7,60,0,2,7,12,3,2,1,1789,10, South Florida,286,42,209,21,14,10,82,2,1,17,9,5,1,0,1811,41
9/2/2006, Montana State,50,35,238,35,24,9,71,0,0,4,18,7,1,0,2007,19, Colorado,106,32,110,22,8,5,44,1,0,8,14,5,0,0,1593,10
9/2/2006, Montana,10,24,134,31,17,10,117,0,1,1,15,6,0,0,1776,7, Iowa,166,38,250,35,20,8,79,1,0,8,13,5,2,2,1824,41
9/2/2006, Murray State,27,25,123,30,20,3,25,1,1,2,14,3,1,0,1940,7, Missouri,256,40,333,35,24,7,56,1,1,14,13,9,0,0,1660,47
9/2/2006, North Texas,8,28,87,19,9,11,58,2,0,2,12,2,0,0,1755,7, Texas,212,44,198,26,15,4,28,1,1,15,12,6,2,2,1845,56
9/2/2006, Northeastern,101,37,106,26,15,10,78,0,2,7,15,4,1,0,2111,0, Virginia Tech,111,27,271,27,21,7,56,0,1,4,9,4,1,0,1489,38
9/2/2006, Northern Illinois,151,33,192,30,16,4,35,0,1,9,13,1,3,3,1864,12, Ohio State,173,36,315,27,20,3,40,2,0,11,10,6,1,1,1736,35
9/2/2006, Northwestern State,62,30,217,40,22,7,60,1,1,4,18,7,0,0,2196,18, Kansas,209,31,117,20,10,2,9,1,1,10,9,3,2,0,1404,49
9/2/2006, Notre Dame,138,40,246,38,23,11,80,0,0,9,16,7,1,1,2125,14, Georgia Tech,119,28,140,24,12,5,28,0,0,9,10,2,0,0,1475,10
9/2/2006, Portland State,60,25,173,30,13,7,52,0,1,1,12,2,2,0,1786,17, New Mexico,65,31,274,36,21,11,93,1,1,6,15,6,1,0,1814,6
9/2/2006, Richmond,105,41,120,23,11,3,30,1,0,3,17,6,1,0,1996,13, Duke,51,30,159,31,17,3,35,2,0,3,14,3,4,2,1604,0
9/2/2006, Rutgers,217,41,145,20,14,7,41,1,0,11,13,8,0,0,2004,21, North Carolina,169,32,234,36,24,8,60,1,2,10,13,8,1,0,1596,16
9/2/2006, San Jose State,50,29,323,37,28,5,30,0,0,2,16,6,2,2,1769,29, Washington,300,41,168,25,16,4,40,2,1,15,13,8,2,1,1831,35
9/2/2006, USC,192,42,280,38,25,7,50,0,0,12,14,7,2,1,2119,50, Arkansas,130,27,157,32,16,4,40,2,3,7,10,2,0,0,1481,14
9/2/2006, SMU,118,34,71,19,10,8,67,1,0,6,13,3,0,0,1546,3, Texas Tech,138,23,363,54,38,9,70,0,1,9,17,10,1,1,2054,35
9/2/2006, Southern Mississippi,119,25,176,37,17,8,64,0,3,7,13,5,2,0,1907,7, Florida,143,29,248,30,21,7,44,0,1,8,10,6,1,0,1693,34
9/2/2006, Missouri State,68,30,266,31,19,3,32,1,1,3,14,3,2,1,1736,10, Oklahoma State,230,44,213,24,12,5,30,1,0,12,12,4,3,3,1864,52
9/2/2006, Louisiana-Lafayette,113,35,63,17,7,9,78,0,2,4,12,2,2,1,1891,3, LSU,170,36,299,23,17,6,55,2,0,9,11,6,1,1,1709,45
9/2/2006, Stanford,100,35,224,34,20,5,29,1,0,6,14,3,4,2,1985,10, Oregon,298,41,236,30,21,9,120,1,0,15,10,7,0,0,1615,48
9/2/2006, Syracuse,91,30,45,19,6,1,5,1,0,6,12,2,0,0,1491,10, Wake Forest,245,49,118,23,15,2,25,1,1,15,15,8,0,0,2109,20
9/2/2006, Tennessee-Martin,49,29,74,24,12,11,85,1,0,3,14,2,1,0,1678,3, Ohio,62,36,82,22,11,7,65,0,1,6,14,4,0,0,1922,29
9/2/2006, Army,69,27,95,23,12,7,56,1,2,4,12,2,0,0,1607,6, Arkansas State,222,45,97,16,11,6,50,3,0,14,12,4,0,0,1993,14
9/2/2006, Utah State,55,26,74,22,10,9,79,0,1,4,12,1,1,0,1442,7, Wyoming,221,51,239,27,18,7,55,2,1,16,13,7,2,1,2158,38
9/2/2006, Utah,112,23,175,34,14,7,70,1,2,7,11,0,3,1,1404,10, UCLA,107,41,318,34,25,5,50,0,0,3,14,6,0,0,2196,31
9/2/2006, Vanderbilt,42,26,129,26,12,2,20,2,0,1,15,4,2,0,1591,7, Michigan,246,51,135,22,10,6,54,1,0,13,18,10,1,1,2009,27
9/2/2006, Villanova,81,31,241,32,22,1,5,0,1,5,15,7,1,0,1979,16, UCF,105,38,199,20,15,2,10,0,0,7,12,7,1,0,1621,35
9/2/2006, Virginia,52,21,159,38,19,3,15,0,2,2,14,3,0,0,1580,13, Pittsburgh,107,33,283,22,17,8,75,0,1,6,13,6,1,1,2020,38
9/2/2006, Washington State,124,28,150,33,17,2,20,0,1,5,14,4,1,1,1558,14, Auburn,293,44,191,19,11,3,40,0,0,12,12,3,2,2,2042,40
9/2/2006, Weber State,-38,24,124,24,13,7,55,0,0,1,14,2,0,0,1646,6, Colorado State,149,39,212,22,15,2,20,1,1,8,11,7,1,1,1812,30
9/2/2006, Western Kentucky,67,35,126,27,12,4,30,1,1,6,18,6,0,0,2262,12, Georgia,136,27,159,25,12,2,17,1,1,8,11,4,2,2,1338,48
9/2/2006, Western Michigan,72,32,217,34,25,8,91,1,2,7,14,5,0,0,1902,20, Indiana,71,28,252,35,20,8,90,1,1,5,12,4,2,1,1641,39
9/2/2006, William & Mary,84,29,226,41,25,2,15,0,0,5,15,4,1,0,1887,14, Maryland,213,40,153,19,9,2,10,3,1,13,10,2,0,0,1713,27
9/2/2006, Wisconsin,197,41,124,15,9,2,15,0,1,12,6,3,1,0,1643,35, Bowling Green,219,46,82,19,12,5,47,0,0,13,14,6,2,1,1957,14
9/3/2006, Kentucky,22,19,238,26,10,5,35,1,0,1,12,2,1,0,1284,28, Louisville,363,55,268,32,20,3,40,1,0,18,15,8,1,1,2316,59
9/3/2006, Memphis,149,37,225,31,23,2,15,1,0,6,13,9,0,0,1911,25, Mississippi,240,45,97,16,7,4,40,0,0,13,9,3,3,2,1689,28
9/3/2006, TCU,98,35,233,27,18,8,69,0,1,6,15,7,0,0,1877,17, Baylor,47,20,286,47,31,7,55,1,1,3,15,9,1,0,1723,7
9/4/2006, Florida State,1,25,175,32,16,6,38,0,1,0,15,4,0,0,1835,13, Miami (Florida),2,26,132,27,18,9,75,0,1,1,16,5,0,0,1765,10
9/7/2006, Oregon State,58,32,205,29,20,7,73,2,1,5,12,3,3,2,2021,14, Boise State,302,42,105,14,8,7,50,1,0,14,10,4,1,1,1579,42
9/8/2006, Pittsburgh,90,35,267,21,11,5,41,3,0,4,11,1,0,0,1728,33, Cincinnati,35,30,221,40,25,6,38,1,2,3,15,4,3,1,1872,15
9/9/2006, Akron,114,42,267,32,13,11,91,0,0,8,17,4,1,0,1898,20, North Carolina State,81,32,209,32,16,9,82,2,1,4,15,3,2,1,1702,17
9/9/2006, Arizona,35,21,117,36,16,3,14,1,3,5,15,3,2,2,1808,3, LSU,231,38,230,23,16,5,32,2,1,11,12,9,0,0,1792,45
9/9/2006, Auburn,111,36,277,32,22,4,30,2,0,7,13,6,1,1,1826,34, Mississippi State,79,33,82,25,12,4,48,2,1,7,15,5,0,0,1774,0
9/9/2006, Buffalo,105,47,138,32,21,7,78,1,0,11,17,6,2,1,1793,40, Bowling Green,356,58,214,26,18,8,51,1,1,20,12,5,1,0,1807,48
9/9/2006, UC Davis,26,28,225,28,15,5,39,0,2,3,13,5,1,0,1593,13, TCU,271,53,190,23,18,10,82,0,0,17,12,7,1,1,2007,46
9/9/2006, UCF,21,24,132,36,17,6,30,0,0,1,16,3,4,1,1660,0, Florida,204,36,433,38,25,10,71,2,2,8,14,11,0,0,1940,42
9/9/2006, Central Michigan,16,21,188,39,18,8,43,2,1,3,13,3,3,2,1395,17, Michigan,252,50,134,21,13,9,73,0,0,14,13,3,1,1,2205,41
9/9/2006, Clemson,136,41,343,40,25,6,55,1,0,9,18,9,0,0,1861,33, Boston College,110,37,212,38,22,7,54,1,0,6,16,8,0,0,1739,34
9/9/2006, Colorado,75,33,71,15,9,6,50,0,0,5,12,4,0,0,1553,10, Colorado State,15,34,233,23,20,5,35,1,0,3,13,5,1,1,2047,14
9/9/2006, Duke,62,39,305,32,21,10,52,2,0,6,12,5,0,0,2073,13, Wake Forest,57,24,235,29,22,9,90,2,0,2,12,5,0,0,1527,14
9/9/2006, East Carolina,96,27,280,38,20,7,76,2,1,4,14,4,2,1,1619,12, UAB,124,42,199,23,17,6,48,3,0,11,14,6,2,2,1981,17
9/9/2006, Eastern Michigan,42,28,230,31,19,6,42,1,0,3,15,5,2,1,1756,20, Michigan State,264,40,322,37,29,6,40,1,1,15,13,10,0,0,1831,52
9/9/2006, Eastern Washington,76,21,109,31,15,6,45,0,1,3,12,4,0,0,1653,3, West Virginia,394,58,197,23,18,7,70,0,0,18,13,10,1,0,1947,52
9/9/2006, Florida A&M,82,23,143,20,11,9,64,2,0,6,10,4,0,0,1397,10, Miami (Florida),339,47,224,28,20,7,65,0,1,18,10,6,2,1,2203,51
9/9/2006, Florida Atlantic,59,42,141,25,12,12,110,0,1,4,15,2,7,3,2124,0, Kansas State,221,30,125,24,10,5,54,0,1,8,13,6,1,1,1476,45
9/9/2006, Florida International,24,31,238,33,20,8,60,1,1,1,16,5,2,0,1964,20, South Florida,123,34,174,28,15,8,92,1,2,7,12,4,2,1,1636,21
9/9/2006, Georgia,198,39,189,22,10,6,46,0,3,9,11,4,0,0,1852,18, South Carolina,35,22,220,33,23,4,18,3,0,3,11,4,2,0,1748,0
9/9/2006, Hofstra,-5,18,269,50,26,5,52,2,0,1,15,2,2,2,1711,31, Marshall,313,38,206,33,25,12,99,4,0,13,14,7,2,2,1889,54
9/9/2006, Idaho,83,32,220,36,14,7,73,1,1,5,15,4,2,1,1797,10, Washington State,344,43,293,24,18,10,108,1,0,12,10,5,0,0,1803,56
9/9/2006, Illinois,66,29,60,21,7,9,65,1,2,4,12,0,0,0,1619,0, Rutgers,166,40,145,25,14,5,30,2,1,9,13,6,1,0,1981,33
9/9/2006, Indiana,147,29,226,33,16,9,74,0,0,8,14,4,1,0,1849,24, Ball State,41,22,289,33,21,7,80,0,1,3,12,4,0,0,1751,23
9/9/2006, Iowa,149,37,202,32,16,7,40,0,4,9,12,4,0,0,1600,20, Syracuse,70,44,210,38,21,7,58,0,0,5,20,9,2,0,2000,13
9/9/2006, Kent State,198,41,92,23,9,5,45,1,1,8,12,2,3,2,1545,14, Army,171,47,104,28,14,6,50,0,2,9,16,5,1,1,2055,17
9/9/2006, Louisville,312,43,359,35,21,6,53,0,1,16,13,9,1,1,1808,62, Temple,16,27,214,29,14,4,45,1,1,3,14,3,3,0,2692,0
9/9/2006, Massachusetts,109,36,187,30,17,5,39,1,2,6,14,3,4,2,1987,20, Navy,268,51,21,7,1,1,7,3,1,13,13,6,0,0,1613,21
9/9/2006, Miami (Ohio),97,37,386,46,31,6,66,0,2,6,15,5,2,0,2316,31, Purdue,171,28,220,32,18,8,51,0,3,8,10,5,0,0,1284,38
9/9/2006, Middle Tennessee,105,33,216,41,22,5,33,2,1,7,16,9,4,1,2044,10, Maryland,135,34,139,16,11,3,25,1,0,8,8,3,0,0,1556,24
9/9/2006, Minnesota,109,32,243,33,21,9,100,0,2,8,11,3,2,1,1546,17, California,231,48,300,31,22,6,61,1,0,15,13,8,2,2,2054,42
9/9/2006, Mississippi,72,28,90,29,13,3,32,0,3,5,14,3,1,1,1849,7, Missouri,218,42,253,41,25,3,15,1,0,11,17,7,1,1,1751,34
9/9/2006, UNLV,74,31,218,35,24,3,15,0,1,4,14,4,3,2,1936,10, Iowa State,137,37,203,21,14,6,55,0,1,9,12,5,1,1,1664,16
9/9/2006, Nevada,136,37,170,31,18,5,40,1,3,10,13,6,1,0,1852,21, Arizona State,149,31,337,30,19,5,29,1,1,6,9,4,1,0,1748,52
9/9/2006, New Hampshire,123,43,206,24,18,8,47,0,0,6,14,5,1,1,1898,34, Northwestern,187,35,173,32,19,0,0,2,1,6,12,5,4,0,1702,17
9/9/2006, New Mexico,109,26,317,28,12,4,40,0,0,4,13,4,0,0,1499,34, New Mexico State,60,30,472,57,37,4,20,4,1,5,17,8,4,3,2101,28
9/9/2006, Nicholls State,187,47,0,3,0,6,46,3,0,7,13,3,2,1,1514,7, Nebraska,261,50,237,26,21,3,20,1,0,17,12,7,3,2,2007,56
9/9/2006, Louisiana-Monroe,51,23,377,41,24,5,25,0,0,5,14,5,2,0,1573,19, Kansas,161,40,190,28,17,4,40,0,2,11,14,6,1,0,2027,21
9/9/2006, Northern Arizona,74,26,131,23,12,4,20,0,1,7,11,2,1,1,1669,7, Utah,213,38,299,27,17,9,85,0,0,12,12,8,1,1,1931,45
9/9/2006, Northwestern State,147,39,182,28,14,20,139,2,3,5,16,5,0,0,2226,10, Baylor,20,8,330,46,27,10,80,0,1,1,12,4,1,0,1374,47
9/9/2006, Ohio State,79,29,269,26,17,8,55,0,0,3,11,3,0,0,1774,24, Texas,172,31,154,32,19,4,39,1,1,12,10,3,0,0,1826,7
9/9/2006, Ohio,177,37,332,34,25,6,65,2,0,8,16,11,0,0,2102,35, Northern Illinois,201,26,261,42,19,3,34,0,0,6,14,5,2,0,1498,23
9/9/2006, Oklahoma State,171,41,167,18,11,7,74,0,3,9,13,8,1,1,1693,35, Arkansas State,110,39,78,19,7,9,58,2,1,6,16,6,0,0,1907,7
9/9/2006, Oregon,139,34,240,36,23,7,70,1,0,7,15,7,2,1,1544,31, Fresno State,206,41,150,33,16,7,45,0,2,10,17,9,2,1,2056,24
9/9/2006, Penn State,158,33,225,41,24,4,25,2,1,10,13,5,4,2,1609,17, Notre Dame,110,36,287,36,25,6,64,0,0,7,14,5,4,4,1991,41
9/9/2006, Rice,53,31,131,21,13,10,90,1,0,4,13,2,1,1,1521,16, UCLA,277,52,124,20,13,8,70,3,1,16,13,6,2,1,2079,26
9/9/2006, Samford,11,15,152,45,20,10,60,0,2,1,16,2,1,0,1689,6, Georgia Tech,177,36,138,32,19,6,51,0,1,11,16,8,1,1,1911,38
9/9/2006, Southeastern Louisiana,112,34,107,33,18,8,62,1,2,11,14,2,2,0,2040,0, Southern Mississippi,256,44,192,16,11,5,19,3,0,15,9,3,4,3,1560,45
9/9/2006, SMU,111,32,159,29,20,8,77,1,2,6,16,6,1,0,1279,6, North Texas,168,38,145,17,12,5,50,1,0,7,13,7,0,0,2321,24
9/9/2006, Texas State,55,26,155,27,13,4,44,1,1,4,12,2,2,0,1588,7, Kentucky,178,40,247,26,18,9,101,1,1,10,14,8,2,2,2012,41
9/9/2006, Louisiana-Lafayette,154,38,17,12,2,4,35,2,0,8,14,6,0,0,1777,7, Texas A&M,225,40,271,32,23,2,24,0,0,14,13,8,2,2,1823,51
9/9/2006, Stanford,185,43,233,28,18,4,35,2,1,10,14,7,1,1,1844,34, San Jose State,342,49,115,17,15,4,40,1,1,15,11,7,1,0,1756,35
9/9/2006, Chattanooga,138,28,111,27,15,6,69,0,1,5,11,3,1,0,1754,14, Memphis,99,32,328,32,21,4,35,1,1,6,12,5,1,1,1846,33
9/9/2006, Texas Tech,103,18,376,53,40,9,80,0,1,4,12,5,0,0,1791,38, UTEP,120,26,375,52,35,8,84,0,2,3,14,6,1,1,1809,35
9/9/2006, Toledo,88,32,218,31,18,8,50,1,3,6,15,7,2,1,1963,10, Western Michigan,163,32,98,15,11,6,40,0,0,5,12,4,3,3,1637,31
9/9/2006, Troy,24,14,271,48,31,8,71,0,3,0,15,7,0,0,1689,17, Florida State,45,28,336,43,30,6,51,3,1,6,12,6,0,0,1911,24
9/9/2006, Tulane,55,23,169,29,16,5,32,1,1,3,13,2,2,0,1692,7, Houston,244,35,377,45,27,5,34,1,1,10,14,7,3,1,1908,45
9/9/2006, Tulsa,82,31,221,35,21,3,28,0,1,3,14,6,1,1,1880,24, BYU,220,41,247,24,17,11,90,0,0,11,13,8,1,1,1720,49
9/9/2006, Air Force,281,51,127,9,7,3,25,0,0,15,13,9,1,1,1831,30, Tennessee,79,32,333,29,24,5,25,1,1,7,11,9,1,1,1769,31
9/9/2006, Utah State,135,39,114,28,11,3,25,0,0,7,14,3,1,0,2098,0, Arkansas,279,38,178,22,11,8,90,1,0,12,13,5,1,1,1502,20
9/9/2006, Vanderbilt,80,23,155,24,16,2,30,1,3,4,12,4,1,1,1417,10, Alabama,134,40,207,29,18,3,28,2,1,11,15,8,1,0,2183,13
9/9/2006, Virginia Tech,117,30,107,18,11,7,55,3,0,6,10,2,0,0,1531,35, North Carolina,89,31,179,38,19,1,10,1,4,4,14,2,2,0,2069,10
9/9/2006, Washington,204,40,180,30,14,6,50,1,0,8,16,6,2,0,1757,20, Oklahoma,181,35,272,33,21,7,38,1,1,10,12,5,1,1,1843,37
9/9/2006, Western Illinois,80,22,166,42,21,6,41,0,3,4,16,8,2,0,1493,10, Wisconsin,109,39,227,28,15,8,66,1,1,6,16,9,0,0,2107,34
9/9/2006, Wyoming,168,38,145,32,23,9,66,1,1,7,16,4,3,3,2026,12, Virginia,32,22,174,34,20,4,26,0,1,2,14,4,1,0,1574,13
9/14/2006, Maryland,122,33,211,45,24,3,40,3,2,9,17,8,5,3,1858,24, West Virginia,340,43,43,9,6,10,95,1,0,12,8,2,1,1,1742,45
9/14/2006, Tennessee Tech,10,33,125,28,13,4,27,2,3,3,15,3,1,0,2051,0, Middle Tennessee,174,29,127,24,12,7,55,0,1,9,13,5,0,0,1549,44
9/15/2006, Kansas,148,40,243,41,23,8,82,1,4,8,16,5,0,0,2098,31, Toledo,101,30,136,47,15,11,113,0,0,4,20,5,3,2,1502,37
9/16/2006, Akron,61,31,375,46,25,5,34,0,3,5,14,4,3,2,2046,21, Central Michigan,129,36,162,23,16,9,56,1,1,7,12,4,1,0,1554,24
9/16/2006, UAB,69,36,94,21,12,8,49,1,0,5,13,2,3,1,1938,0, Georgia,146,38,125,19,11,9,70,0,0,10,9,2,2,1,1662,34
9/16/2006, Arizona State,182,37,248,37,21,11,73,2,2,8,15,8,1,0,1759,21, Colorado,133,44,86,18,8,4,38,2,1,8,16,5,0,0,1841,3
9/16/2006, Arkansas,170,39,224,20,13,5,41,0,1,10,11,4,2,0,1653,21, Vanderbilt,240,37,124,26,12,7,56,0,0,9,12,3,1,1,1947,19
9/16/2006, Ball State,61,29,291,37,24,6,33,1,1,5,14,5,1,0,1872,28, Purdue,117,28,416,39,30,8,75,1,2,6,12,5,0,0,1728,38
9/16/2006, Baylor,-10,14,256,49,31,9,75,2,2,2,16,6,2,1,1668,15, Washington State,51,34,285,38,25,3,25,2,2,4,14,6,2,0,1932,17
9/16/2006, Boise State,130,41,116,21,12,7,55,0,0,10,12,2,2,2,1808,17, Wyoming,73,29,178,30,14,8,45,0,2,4,15,6,2,2,1792,10
9/16/2006, Bowling Green,161,45,242,34,18,6,52,0,2,9,18,10,2,1,1941,33, Florida International,187,28,145,23,14,11,69,1,3,8,11,3,2,2,1659,28
9/16/2006, BYU,111,30,436,60,38,10,67,1,2,5,16,6,1,0,1935,23, Boston College,115,26,356,48,29,2,10,2,2,5,14,4,1,1,1665,30
9/16/2006, Buffalo,99,32,250,41,25,3,14,0,0,7,16,8,1,0,1935,13, Northern Illinois,344,36,156,19,12,7,45,0,1,11,10,4,0,0,1665,31
9/16/2006, Fresno State,157,37,140,21,11,3,15,0,1,11,11,4,1,1,1778,20, Washington,128,35,151,26,15,4,47,0,0,9,15,8,1,1,1822,21
9/16/2006, Cincinnati,-4,22,216,25,20,6,28,0,3,1,11,3,0,0,1621,7, Ohio State,166,32,278,35,25,8,75,0,0,9,12,4,0,0,1979,37
9/16/2006, Clemson,151,28,194,30,16,3,25,0,0,5,14,6,0,0,1600,27, Florida State,102,38,102,20,11,5,38,2,0,6,17,7,1,1,1996,20
9/16/2006, Colorado State,64,24,113,26,14,7,59,0,2,5,14,4,1,1,1550,10, Nevada,171,41,210,22,19,5,35,0,1,12,12,8,1,1,2050,28
9/16/2006, Duke,58,41,81,14,8,7,43,1,0,4,14,3,1,0,2046,0, Virginia Tech,102,33,316,27,16,9,85,0,1,5,10,5,0,0,1554,36
9/16/2006, Eastern Michigan,87,28,47,25,9,7,55,0,2,4,15,2,0,0,1606,6, Northwestern,156,44,110,26,16,3,25,1,1,11,17,8,0,0,1994,14
9/16/2006, Florida Atlantic,49,35,166,28,16,4,25,1,2,4,16,4,2,1,1865,8, Oklahoma State,246,43,186,19,9,3,35,0,0,11,12,5,0,0,1735,48
9/16/2006, Florida,121,41,199,25,15,9,65,0,1,11,13,6,1,1,2104,21, Tennessee,-11,23,231,33,18,4,34,0,2,1,13,6,1,0,1496,20
9/16/2006, Furman,211,46,310,27,20,10,85,1,0,17,13,9,0,0,1825,42, North Carolina,181,36,265,20,14,6,42,0,1,9,11,7,1,1,1775,45
9/16/2006, Grambling,91,35,248,26,18,9,50,1,0,7,16,9,3,2,1912,22, Houston,158,31,326,36,30,4,40,1,1,14,9,6,3,2,1688,42
9/16/2006, Idaho State,109,27,274,37,24,3,23,0,2,4,13,5,0,0,1605,24, Idaho,161,40,266,29,19,7,92,0,1,7,12,5,0,0,1995,27
9/16/2006, Iowa State,171,36,152,31,15,5,35,0,0,10,13,6,1,0,1897,17, Iowa,136,30,274,38,26,5,57,0,1,7,14,7,0,0,1703,27
9/16/2006, Kent State,142,33,244,22,14,8,65,1,1,5,12,5,0,0,1446,16, Miami (Ohio),130,41,167,35,20,10,86,1,1,9,17,6,3,3,2154,14
9/16/2006, LSU,42,23,269,37,20,7,50,0,0,3,13,4,2,0,1586,3, Auburn,72,38,110,20,11,4,35,0,1,7,15,6,1,1,2014,7
9/16/2006, Marshall,50,22,92,28,16,9,72,1,2,3,13,3,1,0,1874,7, Kansas State,99,27,256,35,19,14,116,1,1,6,15,8,0,0,1726,23
9/16/2006, Memphis,95,30,296,46,25,1,8,1,5,7,16,8,2,2,1798,20, East Carolina,177,39,236,27,18,5,55,1,2,8,13,7,1,0,1802,35
9/16/2006, Miami (Florida),64,29,278,34,20,4,27,2,0,6,12,3,1,0,1825,7, Louisville,95,31,294,18,13,8,76,1,0,4,10,5,1,0,1775,31
9/16/2006, Michigan State,335,48,198,25,16,9,75,1,1,17,15,11,0,0,2138,38, Pittsburgh,81,20,277,47,28,3,18,1,2,4,13,4,2,2,1462,23
9/16/2006, Michigan,120,41,220,22,13,5,70,0,1,8,13,4,0,0,2036,47, Notre Dame,4,17,241,49,25,11,84,2,3,1,14,2,2,1,1564,21
9/16/2006, Mississippi,205,39,190,26,13,12,79,4,1,8,15,7,3,1,1780,14, Kentucky,87,33,293,34,22,5,45,1,0,9,11,4,0,0,1820,31
9/16/2006, Missouri,197,40,199,36,25,2,11,1,1,10,16,7,2,1,1891,27, New Mexico,33,27,168,31,16,1,5,2,1,4,14,6,0,0,1709,17
9/16/2006, Nebraska,68,36,143,17,9,5,51,1,0,3,14,5,3,2,1716,10, USC,142,31,257,37,25,7,46,0,0,8,15,9,2,1,1884,28
9/16/2006, UNLV,39,28,232,47,18,1,15,0,1,5,17,6,6,1,1684,13, Hawai'i,214,31,369,45,33,11,92,2,2,12,9,4,1,0,1916,42
9/16/2006, Nicholls State,141,50,83,11,4,6,34,2,0,9,13,4,3,2,1790,21, Louisiana Tech,178,42,203,22,13,3,25,3,0,9,9,4,0,0,1810,31
9/16/2006, North Carolina State,77,21,197,35,18,10,84,0,3,3,14,7,1,1,1525,17, Southern Mississippi,261,52,181,19,13,7,74,1,0,14,13,6,2,1,2075,37
9/16/2006, North Texas,27,31,62,11,6,6,45,1,2,2,11,3,0,0,1761,3, Tulsa,126,30,275,35,23,7,55,0,2,8,13,4,4,3,1839,28
9/16/2006, Louisiana-Monroe,123,30,73,21,10,9,56,1,1,8,12,3,1,0,1736,7, Alabama,219,43,225,23,15,3,15,1,0,11,12,7,0,0,1864,41
9/16/2006, Ohio,-6,26,125,29,14,9,55,2,2,1,16,5,1,0,1808,7, Rutgers,217,38,83,16,6,2,30,0,3,10,11,4,0,0,1792,24
9/16/2006, Oklahoma,207,43,174,24,13,8,64,1,0,7,14,4,1,1,2068,33, Oregon,163,31,343,42,27,6,49,2,2,11,14,8,1,1,1532,34
9/16/2006, Portland State,97,34,176,25,15,6,26,1,1,5,12,2,1,1,1996,16, California,193,31,309,37,24,9,103,2,1,9,10,5,1,0,1604,42
9/16/2006, Sam Houston State,66,25,244,51,33,3,23,1,2,3,16,8,2,1,2058,14, SMU,195,34,248,21,18,7,50,1,0,7,9,4,2,1,1542,45
9/16/2006, San Diego State,13,26,102,27,15,3,26,1,0,2,16,2,1,1,1531,0, Wisconsin,287,45,85,23,12,4,45,1,0,9,17,7,3,0,2069,14
9/16/2006, South Florida,100,38,333,32,22,5,48,0,1,5,15,7,1,0,1922,24, UCF,140,34,219,44,19,7,60,0,2,10,18,9,3,2,1678,17
9/16/2006, Southern Illinois,244,50,142,19,10,9,74,1,0,11,14,7,0,0,1980,35, Indiana,76,33,238,40,20,3,28,1,1,8,12,3,4,1,1620,28
9/16/2006, Stephen F. Austin,86,25,110,25,15,6,52,1,0,3,11,4,0,0,1632,10, Arizona,263,41,144,25,17,5,34,1,1,12,13,8,1,1,1968,28
9/16/2006, Syracuse,202,44,167,18,9,7,61,0,1,8,16,8,0,0,1837,31, Illinois,110,31,288,33,17,12,106,1,1,7,15,7,0,0,1763,21
9/16/2006, Temple,61,29,96,30,17,5,30,1,2,2,15,2,2,0,1908,0, Minnesota,282,45,166,17,9,4,30,0,1,12,11,2,4,3,1692,62
9/16/2006, Texas A&M,262,44,102,11,7,7,59,1,0,14,11,5,2,1,1770,28, Army,186,39,136,32,17,5,48,0,3,10,17,7,2,2,1830,24
9/16/2006, Texas Southern,64,24,148,29,14,8,73,2,2,4,10,2,0,0,1647,14, New Mexico State,111,26,409,50,33,8,78,1,1,8,14,7,3,3,1953,48
9/16/2006, Texas Tech,38,15,204,47,23,3,37,1,0,3,14,3,3,0,1572,3, TCU,180,44,101,23,13,12,105,0,0,8,16,4,0,0,2028,12
9/16/2006, Texas,330,43,163,11,10,19,148,2,0,13,7,3,0,0,1889,52, Rice,-12,20,180,29,18,13,91,1,0,1,12,3,1,0,1711,7
9/16/2006, Troy,101,38,182,33,18,8,71,1,2,5,16,5,2,2,1832,20, Georgia Tech,320,41,180,32,15,9,67,0,2,14,11,4,1,1,1768,35
9/16/2006, Tulane,129,36,298,24,16,4,41,1,0,8,12,4,1,0,1971,32, Mississippi State,98,32,252,35,18,5,44,1,1,4,14,6,2,0,1629,29
9/16/2006, Navy,368,69,78,12,9,4,34,1,0,27,14,9,0,0,2178,37, Stanford,74,25,270,41,26,3,15,2,1,6,12,7,1,0,1422,9
9/16/2006, Utah,161,37,240,30,20,7,71,1,0,9,14,7,1,0,2026,48, Utah State,34,29,64,20,6,4,24,4,2,4,13,3,0,0,1574,0
9/16/2006, Wake Forest,99,38,110,16,7,6,50,1,0,6,10,2,0,0,1578,24, Connecticut,127,47,197,32,19,4,25,1,2,10,16,5,3,2,1962,13
9/16/2006, Western Michigan,139,40,40,11,7,3,20,0,0,6,14,3,2,2,1912,17, Virginia,69,26,189,32,24,8,50,0,2,6,14,5,2,1,1688,10
9/16/2006, Youngstown State,47,28,137,27,16,3,20,1,2,3,13,3,0,0,1900,3, Penn State,389,39,179,32,14,5,40,1,0,16,11,4,0,0,1700,37
9/16/2006, Wofford,290,61,67,11,5,8,70,1,0,13,19,9,4,1,2139,20, South Carolina,165,31,196,20,12,4,40,1,1,5,12,5,1,0,1461,27
9/21/2006, Virginia,51,23,115,31,15,8,60,1,2,3,14,3,1,1,1646,7, Georgia Tech,105,38,230,21,12,7,65,1,0,6,14,4,0,0,1954,24
9/22/2006, Northwestern,246,37,122,21,9,6,38,2,3,11,11,6,0,0,1563,21, Nevada,156,45,197,26,17,5,40,0,1,11,12,4,2,1,2037,31
9/23/2006, Alabama,118,52,243,20,16,11,65,1,0,11,18,7,2,2,2372,23, Arkansas,172,31,97,22,7,5,50,0,3,8,12,6,0,0,1228,24
9/23/2006, Arizona State,237,46,177,36,16,9,70,1,4,18,14,5,0,0,2207,21, California,139,27,270,26,18,5,70,1,1,5,10,2,1,0,1393,49
9/23/2006, Arkansas State,69,41,193,28,13,5,33,4,1,6,16,6,3,0,2076,9, SMU,226,31,231,28,17,5,45,1,1,11,12,7,1,1,1524,55
9/23/2006, Boston College,172,42,149,25,13,7,55,0,1,8,15,5,1,0,2061,15, North Carolina State,141,23,179,32,15,6,49,0,1,6,13,3,1,0,1539,17
9/23/2006, Buffalo,87,39,111,24,12,3,15,0,0,8,14,2,4,3,2004,7, Auburn,261,36,153,14,10,7,52,0,1,14,7,4,0,0,1596,38
9/23/2006, Cal Poly,78,32,142,24,10,1,5,1,3,5,13,2,2,1,1474,7, San Jose State,167,39,152,32,20,7,54,1,1,9,15,5,1,0,2126,17
9/23/2006, UCLA,143,34,135,31,18,6,33,0,2,4,16,4,1,0,1922,19, Washington,49,27,200,29,18,3,15,3,1,4,10,3,1,0,1678,29
9/23/2006, Central Michigan,176,33,276,42,27,9,73,0,1,8,15,9,1,0,1536,24, Eastern Michigan,188,47,157,32,22,8,65,0,0,13,16,6,2,1,2064,17
9/23/2006, Cincinnati,121,38,159,20,14,9,75,1,2,6,14,6,0,0,2106,13, Virginia Tech,145,33,188,23,11,7,52,1,1,7,12,6,0,0,1494,29
9/23/2006, Citadel,53,32,99,26,17,6,30,1,1,7,13,0,3,2,1858,6, Pittsburgh,145,36,361,22,18,7,55,1,0,7,11,6,0,0,1742,51
9/23/2006, Colorado,173,39,140,27,14,9,81,1,1,8,13,2,0,0,2049,13, Georgia,54,27,230,29,18,5,45,2,0,4,11,3,2,0,1551,14
9/23/2006, Connecticut,257,53,27,13,5,2,15,1,2,7,19,4,1,1,1987,14, Indiana,0,27,192,43,20,4,15,1,3,3,18,5,3,1,1613,7
9/23/2006, Florida Atlantic,138,35,105,25,8,9,77,1,1,5,14,2,3,2,1679,6, South Carolina,200,38,292,34,19,7,50,0,0,9,14,6,2,1,1921,45
9/23/2006, Florida International,89,19,221,34,15,6,50,0,1,3,14,4,1,1,1433,10, Maryland,117,40,158,30,17,6,74,0,1,8,14,6,0,0,2167,14
9/23/2006, Hawai'i,88,18,388,37,25,4,23,2,1,5,7,3,2,1,1498,34, Boise State,242,44,273,29,17,9,90,0,1,14,11,3,2,2,2102,41
9/23/2006, Howard,48,31,124,26,12,11,83,2,1,3,14,2,2,1,1656,7, Rutgers,215,53,142,17,10,7,65,1,1,12,13,6,1,1,1944,56
9/23/2006, Idaho,57,24,128,23,8,8,87,2,4,4,10,0,0,0,1534,0, Oregon State,174,38,206,35,20,6,69,1,1,11,15,6,0,0,2066,38
9/23/2006, Indiana State,104,38,160,26,14,6,65,2,0,7,14,4,1,1,1558,14, Northern Illinois,314,52,106,16,12,8,90,0,0,16,15,9,0,0,2042,48
9/23/2006, Iowa State,21,27,302,45,25,7,50,0,2,5,14,4,5,2,1764,14, Texas,193,40,246,24,19,4,57,1,1,11,8,2,1,0,1836,37
9/23/2006, Iowa,154,42,190,27,17,8,62,0,1,11,15,5,0,0,1935,24, Illinois,121,35,194,39,12,2,10,0,4,10,16,9,0,0,1665,7
9/23/2006, Kent State,216,38,141,22,14,9,75,0,0,9,12,3,1,1,1635,38, Bowling Green,157,45,125,31,15,5,45,3,3,9,19,9,4,1,1965,3
9/23/2006, Kentucky,39,22,210,38,26,10,66,0,0,6,13,4,0,0,2023,7, Florida,235,38,279,28,16,10,71,1,1,11,9,4,2,0,1577,26
9/23/2006, Louisiana Tech,73,24,229,32,13,7,77,1,0,2,14,2,0,0,1581,14, Texas A&M,153,34,336,33,21,12,85,1,0,9,12,6,0,0,2019,45
9/23/2006, Louisville,228,42,173,26,18,4,39,3,1,11,12,5,2,1,2139,24, Kansas State,108,19,139,45,17,7,57,0,2,3,16,3,3,1,1461,6
9/23/2006, Marshall,126,48,110,14,8,4,21,1,1,11,15,6,0,0,2069,7, Tennessee,176,24,258,27,18,4,37,0,1,8,11,6,0,0,1531,33
9/23/2006, McNeese State,155,37,116,22,10,9,79,2,1,7,13,4,1,1,1405,7, Toledo,219,44,186,30,17,5,35,0,0,9,18,9,3,3,2195,41
9/23/2006, Miami (Ohio),31,29,241,39,25,3,21,0,1,4,15,5,3,1,1835,14, Syracuse,152,34,163,20,14,7,68,0,0,8,13,6,0,0,1765,34
9/23/2006, Middle Tennessee,22,28,73,20,6,2,10,3,2,3,11,1,1,0,1789,0, Oklahoma,190,44,272,20,14,2,10,2,0,9,9,4,2,1,1811,59
9/23/2006, Minnesota,194,45,227,35,21,8,74,1,1,12,17,7,3,3,1995,21, Purdue,178,32,243,27,18,8,38,0,0,8,10,3,1,1,1605,27
9/23/2006, Mississippi State,166,44,115,23,14,8,75,2,0,11,15,7,2,1,1732,16, UAB,94,32,116,26,12,9,85,0,2,7,13,4,1,1,1868,10
9/23/2006, North Carolina,54,22,96,23,7,9,65,1,1,3,10,1,2,1,1303,7, Clemson,324,58,180,21,14,5,40,0,1,19,12,6,2,1,2297,52
9/23/2006, North Carolina A&T,41,28,154,26,14,9,74,1,0,3,10,1,2,1,1677,7, Louisiana-Lafayette,330,46,78,11,5,8,72,0,0,19,7,3,2,2,1923,48
9/23/2006, North Dakota State,84,23,451,47,29,7,55,1,0,4,14,4,2,2,1805,29, Ball State,14,24,385,32,18,5,34,0,0,2,15,6,1,0,1795,24
9/23/2006, North Texas,175,36,112,36,17,7,66,1,2,9,15,4,5,2,1897,13, Akron,105,31,173,20,14,6,61,0,0,10,8,3,1,1,1703,33
9/23/2006, Notre Dame,47,17,319,36,20,8,58,1,1,3,11,1,3,2,1461,40, Michigan State,248,43,140,23,11,9,75,1,2,12,14,3,1,1,2139,37
9/23/2006, Ohio,43,30,145,33,17,10,88,1,1,5,15,5,0,0,1921,6, Missouri,170,39,258,34,18,9,77,2,1,9,14,7,0,0,1679,31
9/23/2006, Oklahoma State,165,27,281,22,13,3,20,2,0,5,10,4,1,0,1433,25, Houston,196,46,313,28,21,2,18,1,0,13,14,6,2,2,2167,34
9/23/2006, Penn State,142,40,106,25,16,3,20,0,3,6,14,3,1,1,2090,6, Ohio State,138,29,115,22,12,6,51,0,2,8,11,5,0,0,1488,28
9/23/2006, Rice,113,37,128,27,9,7,45,2,1,7,13,1,2,1,1902,7, Florida State,287,38,213,23,13,8,58,1,0,12,10,4,0,0,1698,55
9/23/2006, South Florida,113,29,196,34,17,8,82,1,2,4,15,8,1,0,1460,7, Kansas,118,35,273,35,25,10,70,2,0,5,18,10,0,0,2140,13
9/23/2006, Southeastern Louisiana,58,32,61,19,12,3,45,2,0,4,14,2,1,0,1966,0, Texas Tech,106,17,403,44,31,4,39,0,0,8,8,3,2,2,1634,62
9/23/2006, USC,202,42,179,39,24,3,23,1,1,12,18,12,1,0,2327,20, Arizona,-16,19,170,25,14,4,30,1,1,2,12,2,0,0,1273,3
9/23/2006, Temple,9,29,140,26,12,5,40,1,3,4,13,1,1,1,1870,7, Western Michigan,151,34,143,26,15,7,58,1,0,7,12,2,2,2,1730,41
9/23/2006, Tennessee State,71,36,181,22,11,7,58,2,2,6,10,4,1,0,1881,9, Vanderbilt,179,37,129,17,12,1,5,1,1,11,10,4,1,0,1719,38
9/23/2006, UTEP,30,23,211,37,26,5,26,1,0,4,15,6,2,0,1707,13, New Mexico,193,45,96,19,11,3,25,0,1,12,14,9,0,0,1893,26
9/23/2006, Troy,48,27,92,24,15,10,80,2,1,6,11,1,2,1,1426,0, Nebraska,316,46,281,23,16,8,65,0,1,12,11,7,1,1,2174,56
9/23/2006, Tulane,112,35,119,32,12,3,20,1,2,7,17,6,1,0,1985,7, LSU,172,32,201,28,18,12,90,0,0,9,10,5,1,1,1615,49
9/23/2006, Tulsa,159,30,285,36,24,3,25,0,0,8,15,9,1,0,1705,24, Navy,283,51,73,11,6,5,49,0,1,15,13,5,2,2,1895,23
9/23/2006, Air Force,327,70,40,7,3,5,45,1,0,19,18,12,2,1,2425,31, Wyoming,77,21,169,21,13,5,39,2,0,6,9,3,1,0,1175,24
9/23/2006, Army,140,38,138,22,15,6,64,1,0,9,11,3,2,2,1673,27, Baylor,62,28,241,35,26,11,107,0,0,5,14,5,1,0,1927,20
9/23/2006, Utah State,120,42,122,28,17,6,46,1,1,10,14,2,3,1,2050,0, BYU,136,34,305,28,20,4,55,0,1,4,10,5,1,0,1550,38
9/23/2006, Utah,192,41,167,28,13,4,40,1,1,13,14,9,0,0,1674,38, San Diego State,204,45,83,20,9,8,49,0,5,10,14,6,3,1,1926,7
9/23/2006, Wake Forest,240,53,43,5,4,5,34,1,0,15,12,7,0,0,1699,27, Mississippi,26,31,211,40,21,5,28,0,1,5,14,4,1,0,1857,3
9/23/2006, Washington State,240,49,228,33,21,4,35,3,0,16,13,8,1,1,1989,36, Stanford,28,31,167,25,15,1,10,1,1,5,12,3,2,1,1611,10
9/23/2006, West Virginia,153,42,216,24,17,5,45,0,3,10,10,3,1,1,2001,27, East Carolina,41,24,276,47,22,7,85,1,2,4,15,6,3,2,1599,10
9/23/2006, Wisconsin,12,27,236,43,22,6,40,1,0,1,18,4,1,0,1725,13, Michigan,111,39,211,25,18,3,30,0,3,5,13,2,1,0,1875,27
9/26/2006, Southern Mississippi,89,29,184,31,15,4,21,0,0,5,14,3,0,0,1692,19, UCF,134,39,191,31,18,3,25,1,1,8,16,6,2,1,1908,14
9/28/2006, Auburn,127,35,180,19,13,8,50,1,0,7,10,4,3,3,1780,24, South Carolina,109,34,240,35,21,5,31,1,1,11,13,6,4,3,1820,17
9/28/2006, BYU,72,34,321,37,23,6,57,0,0,4,17,9,1,1,1896,31, TCU,141,32,296,50,26,8,43,1,1,11,17,8,0,0,1704,17
9/29/2006, Rutgers,226,45,100,20,11,11,91,0,1,9,13,6,0,0,2236,22, South Florida,92,25,255,26,17,7,56,1,2,6,9,4,0,0,1364,20
9/30/2006, Akron,73,23,261,38,19,10,90,2,0,7,13,2,6,3,1437,15, Kent State,156,55,305,21,17,6,53,1,0,8,16,8,1,1,2163,37
9/30/2006, Alabama,83,30,240,40,21,5,26,0,3,10,15,8,1,0,1777,13, Florida,133,33,197,21,15,9,53,2,0,5,11,4,0,0,1823,28
9/30/2006, Arkansas State,222,47,108,22,10,8,90,0,1,12,12,5,1,1,2157,31, Florida International,9,19,177,35,18,12,121,1,3,2,10,2,3,0,1443,6
9/30/2006, Boise State,188,42,210,22,15,5,35,1,2,9,12,6,0,0,1940,36, Utah,127,29,51,27,8,5,34,0,4,5,16,4,1,0,1660,3
9/30/2006, Bowling Green,148,44,108,19,10,5,45,1,0,9,14,5,3,2,1773,21, Ohio,54,32,188,34,20,3,27,1,2,7,13,3,0,0,1827,9
9/30/2006, California,142,33,341,31,22,4,25,0,1,8,13,8,1,1,1752,41, Oregon State,56,24,244,34,23,7,48,1,0,5,13,5,2,1,1848,13
9/30/2006, Central Michigan,147,34,411,47,26,6,45,3,1,9,15,7,3,1,1836,36, Kentucky,107,31,266,32,20,2,15,1,1,6,12,5,1,0,1764,45
9/30/2006, Colorado State,54,44,248,23,15,5,63,2,0,6,17,7,1,1,2040,35, Fresno State,115,23,205,42,19,5,17,0,3,5,13,2,2,0,1550,23
9/30/2006, Colorado,183,36,190,27,13,6,56,0,0,10,12,3,5,0,1694,13, Missouri,100,40,253,37,23,5,60,0,2,5,18,11,1,0,1906,28
9/30/2006, Eastern Illinois,234,40,57,21,8,3,25,0,3,11,13,5,1,0,1955,9, Hawai'i,42,17,529,51,35,5,60,1,1,4,10,7,2,0,1645,44
9/30/2006, Eastern Michigan,75,24,171,35,23,9,67,1,0,5,12,2,4,1,1750,14, Louisiana-Lafayette,179,41,202,23,17,4,34,0,0,8,11,0,4,3,1850,33
9/30/2006, Florida Atlantic,151,38,185,19,13,5,31,0,0,10,10,3,1,1,1868,21, Louisiana-Monroe,122,28,285,38,23,6,57,0,2,4,14,5,3,2,1732,19
9/30/2006, Georgia Tech,149,36,176,17,9,8,83,0,2,7,12,5,0,0,1720,38, Virginia Tech,42,27,339,54,27,5,28,2,0,5,17,8,0,0,1880,27
9/30/2006, Georgia,133,33,115,28,11,7,69,0,0,9,15,4,1,1,1826,14, Mississippi,156,42,87,15,6,2,20,0,1,12,11,2,1,0,1774,9
9/30/2006, Houston,80,25,196,28,18,7,35,1,0,6,12,3,2,2,1760,13, Miami (Florida),230,42,190,27,16,10,90,0,2,14,13,6,1,1,1840,14
9/30/2006, Idaho,128,35,188,20,10,7,68,1,0,9,13,8,1,1,1729,41, Utah State,119,35,186,27,19,2,20,1,2,8,11,5,1,1,1871,21
9/30/2006, Illinois,252,44,138,17,10,4,34,0,1,13,13,5,0,0,1825,23, Michigan State,82,32,177,27,17,3,25,1,0,6,13,4,1,1,1775,20
9/30/2006, Kansas State,45,21,296,55,22,11,84,2,3,4,19,3,2,1,1660,3, Baylor,18,19,294,47,26,5,66,3,1,1,17,5,0,0,1940,17
9/30/2006, Kansas,169,40,405,54,27,5,25,1,3,8,18,6,2,1,2009,32, Nebraska,116,32,395,33,15,5,35,3,0,5,12,3,0,0,1591,39
9/30/2006, Liberty,85,32,216,29,17,9,91,0,1,4,15,7,1,1,1874,14, Wake Forest,196,36,242,23,15,5,44,1,0,9,10,4,0,0,1726,34
9/30/2006, Louisiana Tech,33,29,226,46,23,7,55,1,4,3,18,6,2,0,2114,0, Clemson,393,41,133,17,10,7,70,3,0,16,8,3,2,1,1486,51
9/30/2006, Maine,66,38,82,23,16,5,42,3,1,7,16,6,2,2,1978,0, Boston College,148,31,191,29,18,2,19,2,0,8,13,4,3,1,1622,22
9/30/2006, Miami (Ohio),36,25,190,48,21,4,32,1,2,3,17,5,4,0,1973,10, Cincinnati,253,42,43,11,5,6,41,2,1,10,13,6,0,0,1627,24
9/30/2006, Michigan,234,45,284,24,17,3,30,0,0,12,15,10,1,1,2259,28, Minnesota,108,24,215,34,17,4,29,0,0,6,12,3,2,1,1341,14
9/30/2006, Middle Tennessee,212,57,154,18,13,3,15,0,0,15,15,10,1,0,2441,35, North Texas,40,24,63,16,7,4,28,1,2,4,9,1,0,0,1159,0
9/30/2006, Mississippi State,14,21,212,29,15,9,79,0,1,2,11,2,1,0,1649,17, LSU,108,38,338,23,19,3,37,1,1,7,9,7,0,0,1951,48
9/30/2006, Nevada,180,37,131,15,9,2,20,0,0,8,11,2,1,1,1651,31, UNLV,74,31,153,32,18,8,73,2,2,5,13,2,2,2,1949,3
9/30/2006, New Mexico State,67,23,506,73,48,6,50,1,1,4,17,8,4,2,1985,38, UTEP,123,27,414,26,18,9,82,1,2,5,7,2,0,0,1615,44
9/30/2006, New Mexico,41,31,232,30,16,4,24,2,1,5,12,3,4,3,1597,7, Air Force,262,62,19,6,3,4,35,0,1,15,16,9,0,0,2003,24
9/30/2006, Northern Illinois,358,41,252,27,20,9,70,1,0,12,12,7,2,1,1933,40, Ball State,78,26,307,40,29,5,50,1,0,5,12,6,2,1,1667,28
9/30/2006, Northern Iowa,176,37,158,30,23,6,58,0,0,8,17,9,0,0,2065,27, Iowa State,81,28,323,29,24,3,30,2,1,6,9,6,1,0,1535,28
9/30/2006, Northwestern,81,28,157,30,14,3,20,0,1,3,13,1,3,1,1633,7, Penn State,233,48,295,35,20,6,52,1,1,15,17,9,0,0,1967,33
9/30/2006, Ohio State,214,50,186,25,16,3,18,0,0,10,14,6,1,1,2430,38, Iowa,87,20,249,41,19,0,0,1,3,5,12,4,2,2,1170,17
9/30/2006, Oregon,315,40,259,37,23,10,71,1,0,12,13,8,1,1,1892,48, Arizona State,142,34,33,19,6,6,44,1,1,8,13,1,3,1,1708,13
9/30/2006, Purdue,92,18,398,46,23,8,74,1,0,6,11,4,3,0,1319,21, Notre Dame,138,43,316,38,29,5,36,0,0,10,14,8,2,2,2281,35
9/30/2006, Rice,128,28,329,40,30,6,52,0,0,7,13,8,0,0,2052,48, Army,140,31,162,30,14,5,51,3,1,7,13,6,2,1,1548,14
9/30/2006, Sam Houston State,87,25,105,26,16,3,31,2,2,5,13,4,0,0,1783,3, Texas,119,42,300,24,20,2,20,0,0,7,13,8,4,1,1817,56
9/30/2006, San Diego State,163,39,76,16,10,11,103,1,2,8,12,3,3,2,1785,10, San Jose State,136,36,282,23,19,5,45,2,0,8,10,3,1,1,1815,31
9/30/2006, USC,135,32,269,32,23,7,90,1,1,6,14,8,2,2,1914,28, Washington State,131,28,287,47,26,8,60,0,1,10,13,6,0,0,1686,22
9/30/2006, SMU,98,38,261,40,23,8,70,0,1,7,16,8,0,0,2098,33, Tulane,-33,21,398,50,30,9,95,1,0,2,15,5,3,2,1502,28
9/30/2006, Stanford,49,34,117,25,12,3,26,2,3,4,13,4,0,0,1823,0, UCLA,166,34,223,38,21,5,55,1,2,6,17,8,1,0,1777,31
9/30/2006, Temple,122,40,148,17,11,4,41,1,2,4,13,5,1,0,2218,14, Vanderbilt,279,31,169,23,11,9,89,1,0,15,10,3,1,1,1382,43
9/30/2006, Tennessee,205,52,361,29,25,3,30,2,0,12,16,11,2,1,2242,41, Memphis,42,20,79,17,11,4,22,0,1,1,9,1,1,0,1358,7
9/30/2006, Texas Tech,41,11,392,45,32,6,50,1,0,2,7,1,1,1,1362,31, Texas A&M,250,47,103,20,9,4,55,0,1,16,16,10,1,1,2238,27
9/30/2006, Toledo,124,35,106,36,18,7,68,2,2,8,17,7,4,1,1759,3, Pittsburgh,185,43,189,17,14,2,10,1,0,7,11,5,2,1,1841,45
9/30/2006, Troy,58,32,144,32,18,7,86,1,1,6,16,5,2,2,1533,3, UAB,140,42,145,16,11,4,20,1,1,9,11,3,0,0,2067,21
9/30/2006, Navy,464,56,141,11,5,12,110,0,0,16,13,4,1,0,2105,41, Connecticut,167,28,176,37,15,7,56,3,0,6,14,4,2,0,1495,17
9/30/2006, Virginia,106,38,147,23,16,6,45,1,0,9,15,7,0,0,1835,37, Duke,-21,36,121,25,11,5,35,2,3,1,15,3,2,1,1765,0
9/30/2006, Washington,154,40,293,26,14,5,55,0,1,4,14,3,0,0,1868,21, Arizona,-7,24,308,41,24,8,78,0,1,2,14,1,2,1,1732,10
9/30/2006, Wisconsin,209,46,330,23,18,10,93,1,1,13,8,4,0,0,1913,52, Indiana,167,33,113,30,13,4,37,2,0,8,12,3,2,0,1687,17
9/30/2006, Wyoming,186,40,326,50,33,10,97,2,2,10,19,7,3,2,2105,34, Syracuse,154,32,121,25,11,7,60,2,1,10,11,3,0,0,1495,40
10/3/2006, Southern Mississippi,120,31,123,39,14,1,10,0,1,8,16,5,2,1,1649,6, Tulsa,252,38,201,25,16,12,109,2,0,11,9,4,1,0,1951,20
10/4/2006, UCF,275,43,213,26,16,4,40,0,0,12,14,7,2,1,1758,23, Marshall,230,35,136,22,14,5,44,0,1,11,12,7,0,0,1842,22
10/5/2006, Florida State,96,32,249,29,16,10,81,0,1,3,14,5,0,0,1799,20, North Carolina State,150,37,190,22,13,7,49,0,0,7,12,3,1,0,1801,24
10/5/2006, TCU,81,31,228,29,14,5,43,2,1,3,12,2,1,0,1514,7, Utah,131,36,223,32,19,8,89,0,1,6,16,5,0,0,2086,20
10/6/2006, Louisville,186,31,340,32,17,3,30,1,1,9,13,7,0,0,1524,44, Middle Tennessee,83,35,167,34,17,5,55,0,1,6,17,6,3,2,2076,17
10/7/2006, Akron,36,19,183,33,16,11,59,0,0,3,13,4,2,0,1418,14, Cincinnati,194,53,230,24,16,7,75,2,1,11,17,8,1,1,2182,20
10/7/2006, Arizona,-13,26,235,42,21,7,65,0,1,1,15,5,2,1,1983,7, UCLA,65,22,227,33,23,9,79,0,0,3,12,4,0,0,1617,27
10/7/2006, Arkansas,279,45,87,10,7,4,30,0,0,12,12,7,0,0,1910,27, Auburn,60,31,153,29,17,5,45,0,0,8,15,7,2,0,1690,10
10/7/2006, Ball State,232,42,262,15,12,5,46,0,1,10,7,1,2,2,1574,55, Buffalo,42,30,364,44,30,7,49,1,2,5,15,7,3,1,2026,25
10/7/2006, Baylor,110,26,272,44,31,8,87,1,2,5,16,9,1,1,1599,34, Colorado,276,49,75,25,9,4,28,0,3,15,17,8,1,1,2001,31
10/7/2006, Bowling Green,160,35,179,26,16,5,43,0,1,4,14,5,2,1,1767,7, Ohio State,139,32,248,29,21,5,36,0,0,5,12,7,3,1,1833,35
10/7/2006, Fresno State,164,34,155,27,13,6,49,0,0,5,16,4,2,1,1961,12, Utah State,147,36,120,19,9,6,75,0,0,7,14,5,1,0,1639,13
10/7/2006, Central Michigan,92,30,295,29,21,5,44,0,0,5,11,6,0,0,1526,42, Toledo,174,41,313,53,32,10,113,2,2,13,18,9,5,4,2074,20
10/7/2006, Clemson,214,39,214,30,20,6,47,1,3,10,12,4,1,1,1897,27, Wake Forest,31,31,188,24,19,4,45,3,1,5,11,2,1,0,1703,17
10/7/2006, Connecticut,60,26,201,40,20,6,50,0,1,3,14,5,1,0,1641,16, South Florida,205,41,153,16,13,15,113,0,0,13,9,3,0,0,1959,38
10/7/2006, Duke,201,41,74,18,7,10,84,1,2,10,12,2,3,2,1629,14, Alabama,134,34,220,30,18,10,68,0,1,7,12,4,1,1,1971,30
10/7/2006, Florida International,75,35,248,43,29,9,85,2,0,3,18,3,3,0,1413,22, North Texas,108,55,161,32,19,10,93,0,3,6,21,5,4,3,2046,25
10/7/2006, Indiana,149,33,240,41,20,4,35,1,0,7,14,4,1,0,1797,34, Illinois,209,38,217,22,11,2,20,1,0,8,11,1,0,0,1803,32
10/7/2006, Kent State,208,49,207,28,15,11,75,1,1,13,14,5,3,2,2322,28, Temple,50,25,144,26,14,10,64,1,0,3,13,4,1,0,1278,17
10/7/2006, LSU,90,25,228,41,24,5,30,2,3,8,13,7,1,1,1645,10, Florida,97,32,191,28,19,14,102,1,1,5,12,4,3,1,1955,23
10/7/2006, Louisiana Tech,141,35,163,35,17,9,80,1,1,10,15,6,1,0,1846,14, Boise State,265,42,224,23,15,6,62,3,0,11,10,4,2,2,1754,55
10/7/2006, Maryland,87,35,190,24,16,4,44,1,1,4,13,4,3,1,1733,23, Georgia Tech,229,43,161,26,13,6,47,1,0,8,14,8,1,0,1867,27
10/7/2006, Memphis,77,27,303,30,22,4,40,1,1,6,12,6,1,0,1613,29, UAB,279,50,134,20,12,5,45,0,2,14,13,7,1,1,1977,35
10/7/2006, Michigan State,60,26,252,35,20,11,87,0,2,5,15,7,3,2,1655,13, Michigan,211,42,140,17,11,3,25,0,0,11,10,3,1,0,1945,31
10/7/2006, Missouri,133,40,173,22,15,7,60,0,1,6,13,7,1,0,1781,38, Texas Tech,78,16,378,61,44,8,64,3,2,6,12,4,5,3,1819,21
10/7/2006, North Carolina,58,28,186,36,13,5,45,1,2,4,14,5,1,1,1821,7, Miami (Florida),144,31,180,26,15,6,72,0,0,5,14,4,0,0,1779,27
10/7/2006, Nebraska,251,45,131,21,17,7,70,1,0,11,12,5,0,0,2215,28, Iowa State,53,24,262,39,18,6,45,0,1,2,12,4,3,0,1385,14
10/7/2006, UNLV,52,22,198,38,19,4,30,0,1,2,13,1,4,1,1426,7, Colorado State,130,43,257,28,23,7,70,1,0,12,15,8,2,1,2174,28
10/7/2006, Nevada,108,25,364,36,26,4,25,2,0,4,8,3,2,0,1562,34, Hawai'i,160,24,419,47,36,12,109,2,0,7,9,4,1,1,2038,41
10/7/2006, New Mexico State,31,17,307,41,24,9,110,0,2,3,13,4,4,1,1808,20, Idaho,151,42,298,27,19,6,76,0,1,6,9,1,1,0,1792,28
10/7/2006, Louisiana-Monroe,130,35,93,25,15,5,41,0,2,9,12,3,3,1,1638,6, Arkansas State,172,38,200,36,19,5,44,2,3,8,16,9,0,0,1962,10
10/7/2006, Northwestern,122,28,94,24,10,3,14,0,1,6,11,2,0,0,1373,9, Wisconsin,307,48,220,21,16,4,26,2,1,15,10,6,1,1,2227,41
10/7/2006, Oklahoma State,193,41,138,22,14,3,15,0,1,10,12,3,1,1,1849,27, Kansas State,180,36,177,15,10,5,33,0,0,7,10,2,3,1,1680,31
10/7/2006, Oregon,70,29,288,36,21,6,44,1,3,6,10,2,1,1,1593,24, California,235,42,189,26,14,7,63,0,1,10,15,7,3,3,2007,45
10/7/2006, Penn State,150,40,281,35,20,4,20,0,1,7,13,4,2,0,1877,28, Minnesota,68,34,347,36,25,4,36,1,0,7,14,4,2,1,1723,27
10/7/2006, Pittsburgh,236,35,177,24,20,8,55,1,0,7,11,4,1,0,1874,21, Syracuse,92,33,225,29,20,8,60,3,0,7,13,5,1,1,1726,11
10/7/2006, Purdue,202,36,254,48,23,3,27,0,3,11,17,6,5,3,2085,17, Iowa,286,40,253,23,17,3,25,3,0,13,6,1,0,0,1515,47
10/7/2006, Rice,129,39,271,47,25,7,59,0,1,12,16,6,3,1,2113,24, Tulane,143,28,344,40,21,9,68,1,1,8,14,8,0,0,1487,38
10/7/2006, San Diego State,141,38,216,32,20,10,110,1,1,7,13,5,1,0,2335,17, BYU,152,32,267,21,16,5,17,1,0,8,9,6,1,0,1265,47
10/7/2006, South Carolina,190,39,193,23,15,10,68,0,1,12,13,7,2,1,1867,24, Kentucky,62,27,289,32,18,7,50,0,1,6,11,3,3,3,1733,17
10/7/2006, SMU,58,23,132,20,10,7,43,1,3,4,11,0,3,2,1318,21, UTEP,89,39,298,37,26,6,55,1,1,5,18,8,0,0,2282,24
10/7/2006, Louisiana-Lafayette,269,44,146,29,15,6,52,0,1,14,16,8,3,3,2208,31, Houston,38,22,367,32,24,7,74,1,0,5,9,4,1,0,1392,28
10/7/2006, Stanford,72,31,154,18,10,7,47,0,1,5,8,1,1,0,1520,10, Notre Dame,204,39,232,38,27,4,37,0,0,13,13,7,1,0,2080,31
10/7/2006, Tennessee,115,34,268,38,25,5,32,0,0,8,12,7,1,1,2023,51, Georgia,145,27,175,25,14,5,28,1,3,5,10,5,1,1,1577,33
10/7/2006, Texas A&M,146,31,240,45,25,8,41,1,0,9,17,8,2,0,1996,21, Kansas,113,27,175,32,14,5,45,1,0,4,15,3,1,1,1604,18
10/7/2006, Texas,124,32,108,18,11,3,30,0,0,9,10,3,0,0,1671,28, Oklahoma,124,36,209,27,15,11,72,3,2,4,16,8,1,1,1929,10
10/7/2006, Navy,317,66,8,6,1,1,12,2,1,22,17,11,1,1,2094,24, Air Force,193,46,119,19,9,5,50,1,0,11,13,6,1,0,1506,17
10/7/2006, Vanderbilt,129,41,271,33,21,2,20,4,1,10,16,8,2,1,2125,10, Mississippi,148,38,31,9,3,4,31,0,2,6,12,1,2,1,1475,17
10/7/2006, Virginia Military,170,37,21,11,3,1,5,3,1,7,11,1,2,1,1564,7, Army,278,52,148,15,11,7,49,2,0,12,14,11,0,0,2036,62
10/7/2006, Virginia,153,27,145,32,16,4,50,0,0,8,14,4,1,1,1306,21, East Carolina,208,48,224,30,17,2,20,0,0,12,14,5,2,2,2294,31
10/7/2006, Washington State,85,37,270,34,19,6,60,1,1,5,18,6,2,1,1985,13, Oregon State,64,28,223,34,18,8,80,3,1,4,13,3,1,0,1615,6
10/7/2006, Washington,167,31,212,39,17,4,25,0,0,7,16,8,1,1,1664,20, USC,148,32,263,41,24,8,70,0,1,10,16,7,3,3,1936,26
10/7/2006, West Virginia,314,44,92,10,6,11,132,0,0,16,9,4,1,1,1575,42, Mississippi State,56,37,250,35,17,4,45,0,2,6,13,6,1,0,2025,14
10/7/2006, Western Michigan,103,35,243,40,24,4,44,1,2,8,15,5,2,1,2038,20, Ohio,257,36,79,16,8,7,109,1,2,7,10,2,0,0,1562,27
10/7/2006, Wyoming,114,37,204,32,19,4,27,1,2,7,14,5,1,1,1796,14, New Mexico,78,35,112,32,11,7,69,1,0,5,17,5,3,2,1804,10
10/8/2006, Northern Illinois,154,37,186,25,15,7,74,0,1,7,15,5,1,1,1898,28, Miami (Ohio),97,26,372,30,22,7,80,1,1,5,9,1,2,0,1702,25
10/12/2006, Clemson,337,45,222,13,12,1,5,2,0,16,5,4,0,0,1573,63, Temple,111,29,110,25,13,10,65,1,0,5,12,2,3,0,2027,9
10/12/2006, Colorado State,106,27,282,23,14,7,55,0,2,7,10,4,1,1,1507,21, Air Force,318,64,102,13,8,2,20,2,0,17,15,9,1,1,2093,24
10/12/2006, Southern Utah,118,22,173,33,17,4,20,0,2,5,11,2,2,1,1624,7, Florida Atlantic,193,41,295,35,21,5,56,1,2,12,13,8,0,0,1976,32
10/12/2006, Virginia Tech,33,28,148,34,23,9,88,2,2,4,14,3,2,0,1671,3, Boston College,90,34,174,29,16,9,60,0,0,3,17,7,1,0,1929,22
10/13/2006, Pittsburgh,261,45,206,17,13,2,14,0,0,14,12,10,1,1,1796,52, UCF,110,42,210,29,18,5,60,3,1,7,14,6,3,2,1804,7
10/14/2006, UAB,175,32,309,29,16,9,74,2,0,6,14,6,1,1,1735,33, Rice,230,36,191,33,21,4,25,0,2,13,13,6,0,0,1865,34
10/14/2006, Arizona State,121,33,124,21,12,12,97,1,0,5,13,6,0,0,1861,21, USC,159,36,148,25,12,6,61,1,1,9,13,4,2,2,1739,28
10/14/2006, Arizona,220,51,74,13,10,6,45,0,1,11,15,7,0,0,2317,20, Stanford,-6,19,58,13,8,7,45,1,0,1,8,1,0,0,1283,7
10/14/2006, Arkansas State,216,51,219,23,12,5,51,1,2,15,15,7,0,0,2080,26, Memphis,127,31,215,28,13,9,80,0,0,8,11,3,1,0,1520,23
10/14/2006, Ball State,53,25,160,30,23,7,80,3,2,3,11,4,2,1,1618,7, Central Michigan,173,45,171,30,18,10,84,1,1,10,15,5,2,1,1982,18
10/14/2006, Baylor,27,11,320,48,26,5,37,4,1,2,13,5,1,1,1618,31, Texas,162,37,275,32,21,9,98,0,1,11,15,10,1,1,1982,63
10/14/2006, California,177,40,176,31,17,6,36,1,2,9,15,7,1,1,2089,21, Washington State,88,19,262,41,21,5,39,0,2,2,11,0,6,2,1511,3
10/14/2006, UCLA,104,30,112,31,16,8,91,0,1,6,13,3,1,1,1708,20, Oregon,256,43,148,22,11,8,56,1,1,11,11,3,2,1,1892,30
10/14/2006, Cincinnati,212,52,129,28,10,7,65,1,0,10,22,11,2,1,2203,17, Louisville,105,25,324,37,20,7,60,2,1,6,11,3,1,0,1397,23
10/14/2006, Eastern Michigan,82,26,248,39,25,5,56,0,3,6,15,7,0,0,2000,21, Bowling Green,159,42,165,24,14,3,35,1,0,11,14,5,2,0,1600,24
10/14/2006, Florida International,28,31,86,25,12,9,65,1,2,2,14,3,1,1,1932,0, Miami (Florida),90,29,189,26,17,5,64,1,0,5,10,3,1,0,1668,35
10/14/2006, Florida State,157,21,321,40,23,11,101,1,3,4,11,6,1,1,1401,51, Duke,52,40,255,41,19,8,60,2,0,6,19,7,3,0,2199,24
10/14/2006, Florida,171,28,108,17,9,5,33,2,1,9,7,1,1,0,1397,17, Auburn,133,40,182,27,18,4,40,1,0,9,16,6,1,1,2203,27
10/14/2006, Hawai'i,100,18,470,44,37,4,31,0,0,7,9,7,0,0,1758,68, Fresno State,183,41,304,29,18,6,53,2,1,12,13,7,1,0,1842,37
10/14/2006, Houston,38,27,339,39,22,6,67,1,0,5,15,6,5,2,1571,27, Southern Mississippi,145,39,180,26,17,5,40,1,0,8,12,7,1,0,2029,31
10/14/2006, Idaho,144,44,238,27,14,12,100,2,1,9,15,6,0,0,2075,24, Louisiana Tech,74,27,137,26,11,3,30,4,4,8,11,3,1,1,1525,14
10/14/2006, Iowa State,89,29,149,25,14,4,30,0,2,6,12,1,1,1,1838,9, Oklahoma,185,34,195,27,16,3,35,0,0,5,12,4,1,1,1657,34
10/14/2006, Iowa,175,37,292,40,23,7,80,1,1,7,17,12,0,0,1751,28, Indiana,158,42,255,25,19,6,55,2,0,7,12,4,1,1,1849,31
10/14/2006, Jacksonville State,52,32,149,26,12,2,20,1,1,2,16,4,2,1,1924,3, Mississippi State,125,34,183,25,11,8,75,1,1,6,9,2,2,1,1676,35
10/14/2006, Kentucky,61,23,166,41,16,9,84,0,1,4,17,5,2,0,1711,0, LSU,268,43,278,25,19,8,41,0,0,13,8,4,2,1,1889,49
10/14/2006, Marshall,107,27,192,32,19,7,52,1,3,5,14,8,0,0,1633,21, SMU,135,45,231,29,23,2,20,1,0,12,14,8,1,0,1967,31
10/14/2006, Maryland,174,34,171,28,17,2,20,0,1,7,11,4,0,0,1932,28, Virginia,181,35,243,21,13,2,10,1,1,10,12,4,1,0,1668,26
10/14/2006, Michigan,116,33,196,30,15,6,50,0,0,6,16,7,0,0,2006,17, Penn State,-14,25,200,31,17,1,8,1,0,1,15,5,1,0,1594,10
10/14/2006, Minnesota,106,29,94,28,13,3,29,1,1,6,14,3,2,1,1574,12, Wisconsin,208,44,193,19,12,3,10,2,0,12,10,6,2,1,2026,48
10/14/2006, Mississippi,119,35,168,21,14,5,45,0,0,9,11,2,2,2,1788,23, Alabama,228,42,206,28,16,8,69,0,0,11,16,9,2,0,1812,26
10/14/2006, Missouri,74,26,306,31,22,3,20,3,0,5,8,1,3,1,1110,19, Texas A&M,180,51,223,24,20,7,64,0,0,10,15,9,0,0,2490,25
10/14/2006, Nebraska,190,43,166,22,13,2,20,0,0,7,17,7,2,2,2091,21, Kansas State,22,18,272,47,23,5,35,0,2,3,13,1,4,2,1509,3
10/14/2006, New Mexico,112,39,168,27,13,5,40,0,1,5,16,7,0,0,1946,39, UNLV,84,29,295,33,18,6,63,2,2,5,12,7,0,0,1654,36
10/14/2006, Louisiana-Monroe,141,32,249,40,19,6,46,2,2,9,14,6,2,0,1712,19, Troy,161,37,246,40,27,8,73,2,3,11,14,6,2,2,1888,24
10/14/2006, Northern Illinois,0,22,157,25,14,3,21,0,3,1,12,4,2,1,1272,14, Western Michigan,129,40,251,44,29,7,59,0,1,6,22,12,0,0,2328,16
10/14/2006, Ohio State,182,44,239,24,16,5,40,1,0,10,16,10,0,0,2036,38, Michigan State,63,30,135,30,19,4,45,0,1,6,15,6,1,0,1564,7
10/14/2006, Ohio,124,36,114,20,9,6,40,0,1,7,15,5,0,0,1767,20, Illinois,211,36,186,34,16,3,25,4,1,12,16,7,0,0,1833,17
10/14/2006, Oklahoma State,192,43,411,35,23,5,41,3,1,10,15,8,1,0,1914,42, Kansas,178,35,187,27,15,1,5,1,1,10,12,2,1,1,1686,32
10/14/2006, Oregon State,180,39,308,21,14,6,70,1,2,10,10,2,1,1,1726,27, Washington,84,37,172,30,14,7,49,0,0,7,14,1,4,1,1874,17
10/14/2006, Purdue,62,28,448,52,36,4,35,0,1,3,15,9,0,0,1828,31, Northwestern,168,42,83,15,9,4,30,0,1,8,13,3,0,0,1772,10
10/14/2006, Rutgers,124,33,215,26,15,2,25,2,1,7,13,6,1,1,1660,34, Navy,113,50,48,16,4,6,50,1,0,6,19,4,3,1,1940,0
10/14/2006, South Florida,234,47,183,22,15,4,36,2,0,13,10,4,1,1,1967,37, North Carolina,168,39,117,26,9,10,87,0,2,10,14,4,1,1,1633,20
10/14/2006, Southeast Missouri State,31,23,113,33,9,4,37,0,3,1,14,2,0,0,1804,7, Arkansas,381,41,149,23,13,4,43,1,0,16,11,6,3,1,1796,63
10/14/2006, Syracuse,81,35,146,22,9,8,45,1,0,7,14,6,0,0,2044,17, West Virginia,457,45,105,20,13,6,70,2,1,16,13,7,0,0,1556,41
10/14/2006, Texas Tech,31,15,245,45,29,7,52,2,3,4,13,4,2,1,1640,6, Colorado,228,46,152,19,12,0,0,2,0,10,11,5,1,0,1960,30
10/14/2006, Toledo,102,38,132,31,17,3,30,2,2,8,15,4,6,3,1809,14, Kent State,270,47,78,15,8,9,85,1,1,14,11,6,1,1,1791,40
10/14/2006, Tulane,192,26,289,54,31,8,82,3,2,13,12,3,1,0,1413,20, UTEP,135,36,230,33,24,10,80,0,0,7,16,6,1,0,2187,34
10/14/2006, Tulsa,234,54,124,21,15,4,25,1,1,14,13,7,1,1,2273,31, East Carolina,126,26,115,28,14,2,20,3,0,6,11,4,1,0,1327,10
10/14/2006, Army,97,32,155,30,16,3,30,1,3,4,15,5,1,1,1852,7, Connecticut,226,40,139,22,10,5,60,0,0,7,14,3,1,0,1748,21
10/14/2006, Utah State,156,44,145,24,21,4,38,1,0,7,16,6,3,2,2209,14, San Jose State,123,30,252,28,15,1,15,2,2,7,12,6,0,0,1391,21
10/14/2006, Utah,33,29,111,31,16,3,19,2,2,4,15,2,3,2,1572,15, Wyoming,100,44,202,24,17,4,33,2,0,5,18,8,0,0,2028,31
10/14/2006, Vanderbilt,101,29,190,29,15,3,15,0,2,5,12,4,1,1,1595,24, Georgia,136,35,237,30,20,7,50,1,0,8,14,6,0,0,2005,22
10/14/2006, Wake Forest,142,37,124,14,9,7,60,0,0,7,12,4,0,0,1916,25, North Carolina State,134,28,200,37,21,5,35,0,1,7,12,6,1,1,1684,23
10/15/2006, Boise State,255,42,215,21,14,6,55,1,1,13,10,4,3,2,1706,40, New Mexico State,5,19,529,66,50,7,64,1,2,0,16,8,3,3,1894,28
10/15/2006, Miami (Ohio),93,41,167,28,17,10,100,2,1,7,13,5,1,1,2018,38, Buffalo,104,29,174,24,13,13,117,0,4,6,11,5,1,0,1582,31
10/18/2006, Louisiana-Lafayette,147,37,84,21,11,9,62,1,1,7,14,1,2,1,2000,6, Florida Atlantic,86,26,151,34,18,6,55,3,2,3,17,6,0,0,1600,0
10/19/2006, Bowling Green,130,42,187,30,16,6,50,0,1,7,17,6,2,2,2193,14, Central Michigan,154,25,212,25,15,4,30,2,0,5,12,6,0,0,1407,31
10/19/2006, North Carolina,98,33,84,20,9,8,64,2,1,7,13,4,0,0,1647,0, Virginia,194,38,176,26,18,8,69,0,0,9,13,4,0,0,1953,23
10/19/2006, Utah,160,41,234,31,18,4,24,0,0,8,17,8,3,1,1787,31, New Mexico,117,34,350,33,19,4,34,0,1,7,13,5,0,0,1813,34
10/20/2006, West Virginia,263,42,156,14,9,7,75,1,1,11,11,5,0,0,1729,37, Connecticut,95,33,115,34,15,5,50,0,2,10,15,4,4,3,1871,11
10/21/2006, Alabama,53,30,158,29,13,4,37,0,0,3,15,3,0,0,1853,13, Tennessee,57,21,302,46,28,5,30,0,3,3,15,6,1,0,1747,16
10/21/2006, Boise State,208,37,145,23,10,5,50,0,1,11,12,6,0,0,1730,42, Idaho,69,28,328,45,24,8,67,0,2,4,18,8,1,0,1870,26
10/21/2006, Boston College,60,32,262,26,16,6,26,1,1,7,11,3,1,0,1709,24, Florida State,28,21,326,48,32,5,35,1,2,2,17,9,1,0,1891,19
10/21/2006, Buffalo,39,23,132,27,15,13,102,0,0,3,11,3,1,0,1716,7, Ohio,223,43,147,20,14,6,41,1,0,10,12,7,2,2,1884,42
10/21/2006, Fresno State,77,33,134,20,13,5,44,0,0,5,12,1,1,0,1953,6, LSU,184,32,210,19,15,4,23,0,0,10,9,3,1,1,1647,38
10/21/2006, UCLA,26,28,217,32,16,8,55,1,1,2,14,5,1,0,1546,17, Notre Dame,41,35,304,45,27,6,50,1,0,7,19,4,5,4,2054,20
10/21/2006, Colorado State,42,22,217,45,23,7,40,1,2,2,18,5,1,0,1894,0, Wyoming,166,39,152,22,10,7,59,0,0,9,13,2,1,1,1706,24
10/21/2006, Colorado,74,30,39,14,3,3,20,1,1,2,13,3,1,0,1396,3, Oklahoma,166,49,105,26,17,5,35,1,0,10,18,9,2,1,2204,24
10/21/2006, Georgia Tech,88,37,117,25,12,7,65,0,1,5,15,4,2,1,1939,7, Clemson,321,38,105,16,7,6,48,1,1,9,13,5,1,0,1661,31
10/21/2006, Hawai'i,155,33,353,34,23,9,82,1,0,9,9,4,5,3,1796,49, New Mexico State,118,30,330,46,32,4,40,2,1,7,12,3,3,2,1804,30
10/21/2006, Illinois,202,42,156,33,13,6,37,2,2,8,14,2,1,0,1857,12, Penn State,40,24,144,34,18,3,15,1,1,3,16,6,0,0,1743,26
10/21/2006, Indiana,7,28,158,35,20,5,30,0,2,6,16,7,0,0,1847,3, Ohio State,270,39,270,25,17,4,40,1,0,12,13,8,0,0,1753,44
10/21/2006, Iowa,41,24,197,36,21,3,18,1,0,2,13,3,1,0,1537,6, Michigan,88,39,203,33,23,4,35,0,1,6,15,6,0,0,2063,20
10/21/2006, Kansas State,262,47,63,20,5,5,45,2,2,13,13,6,2,0,1740,21, Missouri,171,37,262,31,24,7,54,2,0,9,14,9,0,0,1860,41
10/21/2006, Kansas,284,46,98,24,11,7,55,0,1,17,13,5,1,0,1907,35, Baylor,66,15,394,55,33,4,36,1,2,4,14,8,0,0,1693,36
10/21/2006, Louisville,223,36,203,26,18,4,30,2,1,14,9,6,0,0,1686,28, Syracuse,19,28,303,41,24,9,65,1,1,3,16,7,2,1,1811,13
10/21/2006, Marshall,317,46,156,12,9,5,31,0,2,15,11,8,0,0,1928,31, UAB,137,28,205,30,18,7,57,0,2,7,12,5,2,1,1672,24
10/21/2006, Miami (Ohio),57,30,263,47,21,8,64,0,0,3,17,2,5,3,1837,13, Akron,127,34,197,24,14,10,93,2,0,7,11,4,0,0,1763,24
10/21/2006, Miami (Florida),30,26,299,41,24,15,120,0,1,4,14,4,1,0,1801,20, Duke,96,29,284,41,21,6,55,1,4,3,14,5,2,0,1799,15
10/21/2006, Michigan State,96,28,340,43,32,9,81,1,2,6,11,6,0,0,1673,41, Northwestern,177,35,263,30,16,3,35,0,2,6,12,4,0,0,1927,38
10/21/2006, Middle Tennessee,215,46,234,24,19,5,33,3,1,12,11,6,0,0,1988,35, Louisiana-Monroe,102,29,184,28,15,7,65,0,0,5,13,4,1,0,1612,21
10/21/2006, Mississippi State,64,33,234,31,14,7,56,1,2,5,13,2,2,2,1730,24, Georgia,103,28,267,32,20,9,63,2,3,6,10,5,1,1,1870,27
10/21/2006, Mississippi,102,31,143,36,13,5,29,0,0,7,17,6,4,0,1945,3, Arkansas,141,37,205,18,14,5,45,0,0,7,9,2,1,1,1655,38
10/21/2006, UNLV,92,26,216,38,19,7,51,2,4,5,11,3,3,2,1711,7, BYU,308,41,266,25,20,12,114,0,1,15,10,6,1,1,1889,52
10/21/2006, North Carolina State,154,38,145,26,15,9,80,1,2,7,13,6,0,0,1963,20, Maryland,165,41,115,9,7,5,54,1,0,7,12,3,1,0,1637,26
10/21/2006, North Dakota State,143,39,237,37,22,3,25,1,1,6,16,7,1,0,2097,9, Minnesota,99,30,150,24,14,4,45,0,0,5,13,4,1,1,1503,10
10/21/2006, North Texas,160,31,103,16,11,6,35,1,1,10,10,3,1,0,1562,10, Arkansas State,279,51,187,19,11,3,15,0,0,15,15,11,0,0,2008,29
10/21/2006, Oregon State,151,38,181,22,16,3,25,1,2,11,10,4,0,0,1866,17, Arizona,22,28,161,30,17,3,30,1,2,5,12,2,3,2,1734,10
10/21/2006, Oregon,104,31,367,47,28,8,45,2,2,8,13,7,3,1,1636,23, Washington State,193,41,179,23,20,4,35,2,1,10,13,7,0,0,1964,34
10/21/2006, Rice,250,35,170,29,16,1,15,0,0,10,13,5,1,1,1641,40, UCF,155,35,327,42,27,5,53,1,1,7,14,5,3,2,1959,29
10/21/2006, Rutgers,268,48,72,18,10,2,15,0,0,14,16,7,1,0,2067,20, Pittsburgh,67,26,169,26,16,8,53,1,0,6,13,5,1,0,1533,10
10/21/2006, San Jose State,162,27,77,22,10,8,47,2,1,7,12,4,1,0,1202,7, Nevada,230,55,178,28,20,6,50,1,1,13,13,5,4,2,2398,23
10/21/2006, South Carolina,194,39,133,18,11,8,65,3,1,9,11,8,0,0,1854,31, Vanderbilt,133,36,120,25,11,7,41,1,2,8,12,1,5,4,1746,13
10/21/2006, SMU,89,34,224,33,22,8,65,1,0,8,14,8,1,0,1776,21, East Carolina,36,29,402,41,32,5,45,0,0,5,13,8,2,0,1824,38
10/21/2006, Southern Mississippi,82,37,134,24,13,7,45,2,0,5,16,4,1,0,2016,6, Virginia Tech,284,39,114,16,6,5,41,0,1,11,10,2,1,1,1584,36
10/21/2006, Stanford,79,30,66,25,7,10,81,2,1,5,14,3,2,1,1607,3, Arizona State,206,47,175,19,17,10,95,0,0,11,11,6,2,1,1993,38
10/21/2006, Temple,-6,22,322,29,20,4,25,2,1,2,10,2,3,2,1575,21, Northern Illinois,89,35,377,42,27,2,15,0,1,7,16,8,0,0,2025,43
10/21/2006, Texas A&M,231,48,192,27,17,3,27,1,1,11,13,6,2,2,2122,34, Oklahoma State,226,37,133,22,10,3,16,0,1,12,13,6,2,2,1478,33
10/21/2006, TCU,190,44,169,23,13,7,67,3,1,12,15,6,1,1,2069,31, Army,86,29,110,24,12,0,0,2,3,3,11,3,1,0,1531,17
10/21/2006, Texas Tech,107,20,368,40,31,14,129,2,0,7,7,2,0,0,1741,42, Iowa State,75,36,146,34,14,4,35,0,2,5,15,3,2,1,1859,26
10/21/2006, Texas,128,34,220,40,25,5,42,1,0,7,18,7,0,0,2076,22, Nebraska,38,24,302,29,16,7,67,2,1,3,13,4,0,0,1524,20
10/21/2006, UTEP,30,23,206,30,19,5,35,0,1,2,13,5,2,1,1552,17, Houston,204,42,208,30,20,4,30,0,1,13,16,10,3,2,2048,34
10/21/2006, Toledo,175,37,143,31,18,8,77,0,0,11,14,5,3,1,1778,13, Eastern Michigan,133,37,196,27,17,9,62,0,1,8,13,3,2,1,1822,17
10/21/2006, Tulane,106,27,283,39,20,6,45,2,1,6,18,10,0,0,1781,13, Auburn,220,41,212,19,16,4,35,1,0,10,15,11,1,0,1819,38
10/21/2006, Tulsa,139,33,217,20,17,5,55,0,1,9,9,7,1,1,1849,35, Memphis,75,29,157,38,24,2,23,0,1,10,16,8,3,3,1751,14
10/21/2006, Air Force,297,65,47,7,4,6,55,1,1,21,16,9,2,2,2129,12, San Diego State,151,30,133,19,12,5,36,0,0,9,10,5,0,0,1471,19
10/21/2006, Utah State,124,36,249,28,12,3,27,0,2,7,14,7,0,0,1435,35, Louisiana Tech,344,47,226,18,13,5,55,1,0,14,11,4,1,1,2165,48
10/21/2006, Washington,162,36,284,31,17,2,9,0,5,7,14,4,3,3,1681,24, California,190,35,291,36,21,6,45,0,0,8,13,4,1,0,1919,31
10/21/2006, Western Michigan,166,38,291,24,20,12,85,2,0,9,11,5,2,1,1822,41, Ball State,9,29,360,38,28,7,55,0,3,3,14,7,2,1,1778,27
10/21/2006, Wisconsin,241,46,201,22,13,4,25,0,1,10,14,7,1,0,2102,24, Purdue,99,24,187,40,20,4,39,0,1,4,14,3,3,0,1498,3
10/22/2006, South Florida,92,29,127,36,19,6,35,2,1,6,14,3,4,2,1534,6, Cincinnati,191,46,105,18,11,5,55,0,0,11,14,4,2,1,2066,23
10/26/2006, Clemson,80,28,86,28,11,1,5,1,1,5,16,4,0,0,1450,7, Virginia Tech,224,58,108,15,9,3,22,1,0,12,18,6,2,1,2150,24
10/27/2006, UTEP,40,18,253,37,21,6,62,0,1,2,13,3,3,1,1388,20, Tulsa,154,46,176,23,16,5,59,1,1,9,16,8,1,0,2212,30
10/28/2006, Akron,107,34,191,29,13,12,102,0,2,5,14,3,2,1,1585,20, Toledo,175,50,139,17,9,9,100,1,0,10,15,5,3,2,2015,35
10/28/2006, Arizona State,190,34,170,23,16,16,127,0,0,5,13,4,2,1,1644,26, Washington,126,35,148,32,14,7,50,0,2,7,14,4,0,0,1956,23
10/28/2006, Arkansas State,6,26,98,24,9,7,42,1,5,3,12,3,1,0,1438,0, Florida Atlantic,178,46,91,20,9,6,91,0,1,10,16,7,1,1,2162,29
10/28/2006, Arkansas,331,40,97,23,10,6,49,1,2,16,10,5,0,0,1630,44, Louisiana-Monroe,114,38,147,26,14,6,36,1,5,10,10,2,2,0,1970,10
10/28/2006, Auburn,175,41,253,34,21,9,84,1,1,11,14,4,3,3,2272,23, Mississippi,86,28,170,17,9,2,30,0,2,5,7,2,0,0,1328,17
10/28/2006, Ball State,128,38,98,24,11,5,39,1,1,6,16,5,2,1,1718,20, Miami (Ohio),133,36,226,35,20,8,79,1,1,9,16,7,1,1,1882,17
10/28/2006, Bowling Green,249,46,158,36,19,7,80,1,2,14,14,4,5,2,2117,14, Temple,94,28,162,13,10,9,81,0,2,5,8,2,0,0,1483,28
10/28/2006, BYU,153,34,258,31,23,8,50,0,0,6,12,9,0,0,1861,33, Air Force,190,49,39,10,4,1,10,1,1,13,14,8,2,1,1739,14
10/28/2006, Buffalo,-12,14,104,30,15,2,30,2,3,0,11,3,0,0,1364,0, Boston College,207,48,142,26,17,1,15,0,1,11,16,7,5,3,2236,41
10/28/2006, Cal Poly,204,51,80,13,4,3,25,1,0,12,13,2,2,1,1874,16, San Diego State,149,41,157,15,10,5,40,1,0,9,12,3,0,0,1726,14
10/28/2006, UCF,248,47,282,31,18,8,70,2,2,13,15,9,1,0,1961,31, Houston,211,33,305,34,22,5,50,0,1,10,13,7,1,1,1639,51
10/28/2006, Colorado,173,43,83,27,9,5,56,0,2,11,15,3,1,0,1895,15, Kansas,161,33,180,29,18,7,65,1,3,4,15,8,1,0,1705,20
10/28/2006, East Carolina,102,41,197,33,20,4,20,0,2,8,18,5,2,2,1961,20, Southern Mississippi,101,28,79,20,13,4,36,0,1,5,11,1,0,0,1639,17
10/28/2006, Eastern Michigan,65,32,220,39,22,12,105,0,2,4,18,5,2,1,2005,15, Western Michigan,178,35,150,32,18,6,62,2,0,10,13,4,1,1,1595,18
10/28/2006, Florida International,40,27,135,26,9,6,59,1,1,1,15,3,1,0,1793,3, Alabama,107,30,117,24,14,5,40,0,0,4,13,3,3,2,1807,38
10/28/2006, Florida State,172,34,286,36,22,13,100,1,0,9,14,5,1,0,1940,24, Maryland,92,32,131,20,12,10,75,0,0,7,10,3,0,0,1660,27
10/28/2006, Florida,156,35,163,28,14,10,75,1,1,6,14,4,1,0,2038,21, Georgia,64,26,151,33,13,6,50,3,2,7,13,3,1,1,1530,14
10/28/2006, Idaho,141,31,193,37,14,5,55,1,1,7,14,4,1,0,1777,10, Hawai'i,78,15,497,51,40,5,38,1,0,2,11,10,0,0,1823,68
10/28/2006, Illinois,121,41,171,30,13,2,8,1,1,7,19,9,2,1,1724,24, Wisconsin,99,41,217,26,15,1,10,1,1,6,15,4,2,2,1876,30
10/28/2006, Iowa State,104,35,280,41,23,2,15,2,1,8,17,7,2,2,1945,10, Kansas State,156,32,161,20,14,4,38,0,1,7,13,7,0,0,1655,31
10/28/2006, Kentucky,106,38,284,29,19,8,51,1,1,8,13,4,1,1,2027,34, Mississippi State,24,24,384,41,22,4,45,1,2,2,14,7,2,1,1573,31
10/28/2006, Louisiana Tech,41,22,181,34,16,4,20,0,0,3,12,2,2,0,1482,10, San Jose State,476,58,168,17,11,4,27,0,0,18,16,10,1,1,2118,44
10/28/2006, Memphis,147,37,322,42,26,7,53,1,3,8,16,7,4,2,1977,27, Marshall,130,31,278,24,15,5,39,2,0,6,14,8,2,2,1623,41
10/28/2006, Miami (Florida),71,34,246,31,20,8,72,3,1,5,12,3,0,0,2025,23, Georgia Tech,87,33,195,28,12,5,49,1,0,6,12,3,0,0,1575,30
10/28/2006, Michigan State,66,26,149,28,14,12,110,1,1,2,14,3,2,1,1390,21, Indiana,185,51,261,26,15,4,45,2,1,9,15,7,0,0,2210,46
10/28/2006, Middle Tennessee,101,37,244,27,19,5,40,0,1,4,15,6,1,1,2072,34, Louisiana-Lafayette,154,30,182,24,12,4,29,2,4,8,9,4,1,0,1528,20
10/28/2006, Minnesota,47,26,135,28,15,4,20,0,3,4,14,4,3,1,1639,0, Ohio State,266,46,218,25,17,3,40,3,0,15,10,7,1,1,1961,44
10/28/2006, Nebraska,211,40,241,39,21,5,40,1,0,14,16,7,1,1,2099,29, Oklahoma State,267,41,229,21,13,5,42,1,1,14,11,6,1,0,1501,41
10/28/2006, UNLV,65,29,232,35,25,7,58,1,2,6,14,5,2,2,1868,23, Utah,110,34,290,24,20,5,50,2,0,6,11,6,1,0,1732,45
10/28/2006, New Mexico State,17,23,278,47,29,5,55,2,3,3,18,6,5,3,1625,21, Nevada,236,41,230,33,20,4,35,1,3,8,11,4,1,1,1975,48
10/28/2006, New Mexico,79,31,195,25,15,6,57,1,0,5,13,5,0,0,1713,20, Colorado State,37,26,254,40,25,4,40,0,1,6,18,9,1,1,1887,19
10/28/2006, North Carolina State,70,29,220,35,21,9,53,0,1,1,18,6,1,1,1946,7, Virginia,125,37,131,22,12,3,15,0,0,9,12,2,0,0,1654,14
10/28/2006, North Texas,83,35,147,25,11,8,65,0,0,4,13,0,2,1,1871,6, Troy,142,39,101,22,13,5,35,1,1,7,15,5,1,1,1729,14
10/28/2006, Northern Illinois,73,26,123,30,15,4,30,1,2,4,14,2,4,2,1549,14, Iowa,149,43,256,30,19,6,64,2,1,9,12,3,2,2,2051,24
10/28/2006, Northwestern,-13,17,204,42,20,5,55,2,3,0,16,3,1,0,1623,3, Michigan,202,46,116,20,10,6,47,2,0,10,15,4,2,2,1977,17
10/28/2006, Notre Dame,176,37,295,25,18,4,35,0,0,9,11,4,5,3,1839,38, Navy,271,56,43,7,4,4,43,1,0,16,12,5,1,0,1761,14
10/28/2006, Ohio,209,43,52,15,7,11,73,0,1,10,11,3,1,0,1769,17, Kent State,179,45,79,20,7,3,20,0,0,9,13,2,3,0,1831,7
10/28/2006, Oklahoma,231,52,127,19,11,5,39,2,0,10,15,5,1,0,2183,26, Missouri,76,27,284,46,23,8,75,1,3,6,19,10,1,0,1417,10
10/28/2006, Penn State,240,50,182,31,14,9,80,1,0,14,19,10,2,1,2122,12, Purdue,62,24,184,39,22,1,5,1,2,6,15,7,2,0,1478,0
10/28/2006, Portland State,111,32,93,22,9,8,80,1,3,6,13,4,0,0,1814,12, Oregon,196,39,235,36,20,12,80,0,0,13,12,5,3,1,1786,55
10/28/2006, USC,86,27,406,39,24,6,42,3,1,6,10,3,2,1,1609,31, Oregon State,89,35,262,32,21,11,82,0,0,3,17,7,1,0,1991,33
10/28/2006, Syracuse,61,31,119,29,13,5,41,0,0,5,17,6,2,0,1759,3, Cincinnati,147,42,205,18,13,4,36,0,2,8,13,5,2,0,1841,17
10/28/2006, Tennessee,71,23,254,29,21,8,70,1,0,4,9,3,0,0,1707,31, South Carolina,165,35,230,30,16,4,18,0,3,10,12,5,2,0,1893,24
10/28/2006, Texas A&M,292,48,215,21,12,4,23,0,0,16,14,8,0,0,2212,31, Baylor,77,24,260,23,14,5,41,0,1,6,9,2,0,0,1388,21
10/28/2006, Texas,227,44,256,31,21,5,40,3,1,13,9,5,1,1,1874,35, Texas Tech,-1,13,519,62,42,12,127,1,1,0,14,5,3,1,1726,31
10/28/2006, Army,73,23,194,24,16,1,5,0,2,6,10,3,1,0,1348,28, Tulane,177,40,409,46,33,7,55,1,0,10,12,7,0,0,2133,42
10/28/2006, Vanderbilt,235,38,277,29,16,7,56,2,0,12,13,8,2,1,1803,45, Duke,253,39,103,25,10,6,55,0,2,15,10,3,2,1,1797,28
10/28/2006, Wake Forest,200,40,89,8,7,5,35,0,0,10,10,5,0,0,1714,24, North Carolina,134,40,236,30,19,3,15,1,2,7,14,5,3,3,1886,17
10/28/2006, Washington State,110,36,405,38,28,10,83,0,2,5,15,4,4,3,2219,37, UCLA,74,24,252,37,17,6,70,1,2,3,12,2,2,0,1381,15
10/28/2006, Wyoming,28,26,137,28,15,4,30,1,1,4,13,2,1,1,1856,3, TCU,188,41,244,18,11,3,25,1,2,11,11,5,0,0,1744,26
10/29/2006, Connecticut,188,44,67,17,8,8,52,2,1,8,15,3,0,0,2024,13, Rutgers,114,29,123,24,11,3,25,1,1,4,13,3,2,1,1576,24
10/31/2006, UAB,89,34,133,36,18,8,36,0,1,9,14,4,3,1,2018,9, SMU,110,26,148,23,18,6,47,1,1,3,10,4,0,0,1582,22
11/1/2006, Fresno State,102,26,121,24,12,5,42,0,1,5,11,2,4,2,1510,21, Boise State,300,47,180,25,19,5,31,0,1,14,14,9,1,1,2090,45
11/2/2006, West Virginia,318,50,222,21,13,7,68,3,0,14,9,4,1,0,1928,34, Louisville,114,32,354,26,19,4,40,1,0,6,10,4,0,0,1672,44
11/3/2006, Air Force,266,63,44,5,2,1,5,1,0,18,12,6,3,2,2098,43, Army,131,27,116,21,12,2,20,2,4,6,8,3,2,1,1502,7
11/4/2006, Arizona State,99,34,124,29,9,6,45,0,2,6,13,3,2,1,1626,10, Oregon State,121,36,282,36,17,4,50,0,0,6,17,9,1,1,1974,44
11/4/2006, Arizona,116,44,159,17,10,5,30,1,1,6,18,9,1,1,2127,27, Washington State,45,27,265,33,18,5,38,2,0,2,13,2,2,0,1473,17
11/4/2006, Arkansas State,88,35,89,22,12,4,36,1,1,5,11,3,2,0,2075,0, Auburn,148,28,251,22,12,7,57,1,3,7,9,4,0,0,1525,27
11/4/2006, Arkansas,267,50,228,20,11,8,65,0,2,11,14,7,1,1,2214,26, South Carolina,51,15,289,40,22,7,69,0,1,4,9,3,0,0,1386,20
11/4/2006, Ball State,47,22,250,34,18,3,25,0,1,2,12,2,1,0,1528,26, Michigan,352,46,155,25,17,8,71,0,1,15,14,7,1,1,2072,34
11/4/2006, Baylor,20,29,197,30,16,7,49,2,1,6,14,5,0,0,1802,21, Texas Tech,175,19,507,58,38,6,60,0,1,7,9,3,1,0,1798,55
11/4/2006, Boston College,28,25,402,57,40,10,70,1,2,4,17,8,3,2,2107,14, Wake Forest,160,27,120,24,15,3,20,0,2,8,10,3,0,0,1493,21
11/4/2006, Bowling Green,176,38,192,36,20,10,83,0,0,9,19,11,4,3,1728,28, Akron,222,39,248,25,17,9,89,1,1,14,12,7,2,2,1872,35
11/4/2006, BYU,112,37,290,30,22,6,40,0,1,6,13,8,0,0,2057,24, Colorado State,26,23,125,23,13,5,33,0,0,2,12,2,1,0,1453,3
11/4/2006, UCLA,187,34,329,40,22,6,55,0,2,5,17,10,1,1,1889,24, California,167,34,266,24,20,5,37,1,0,11,9,6,0,0,1711,38
11/4/2006, Central Michigan,216,32,283,25,19,7,80,0,1,10,10,5,1,1,1647,42, Temple,78,33,231,36,25,2,10,1,0,8,15,7,2,1,1953,26
11/4/2006, East Carolina,170,46,135,30,16,5,47,0,2,14,17,9,1,1,2192,23, UCF,58,26,205,34,18,5,57,0,2,3,14,5,2,0,1408,10
11/4/2006, Florida Atlantic,103,45,267,39,21,4,21,2,2,7,15,6,4,3,1936,14, Middle Tennessee,271,36,71,11,5,6,39,1,1,9,8,3,0,0,1664,35
11/4/2006, Florida,88,33,242,28,19,6,53,0,3,5,9,2,0,0,1915,25, Vanderbilt,93,23,298,44,27,3,33,0,1,5,14,3,2,1,1685,19
11/4/2006, Georgia Tech,194,43,215,35,13,5,35,0,2,10,17,7,0,0,1991,31, North Carolina State,58,21,270,53,21,9,93,0,0,1,19,5,2,1,1609,23
11/4/2006, Georgia,159,32,230,29,16,5,33,1,3,9,9,5,1,0,1671,20, Kentucky,147,42,204,32,23,3,25,1,2,12,13,5,2,1,1929,24
11/4/2006, Hawai'i,86,13,486,38,23,6,50,0,1,3,9,4,2,1,1395,63, Utah State,137,42,225,31,17,11,93,3,1,7,15,7,0,0,2205,10
11/4/2006, Indiana,165,37,335,47,27,4,35,0,3,10,15,7,3,1,1948,26, Minnesota,163,25,378,33,22,3,25,0,0,8,10,6,0,0,1566,63
11/4/2006, Kansas State,188,38,251,26,22,5,35,0,0,9,14,8,1,1,2010,34, Colorado,225,40,145,18,10,3,19,1,0,9,11,4,3,1,1590,21
11/4/2006, Kansas,169,46,234,27,20,5,50,3,1,10,17,9,2,2,2123,41, Iowa State,33,30,180,31,16,4,30,3,1,3,13,4,3,0,1477,10
11/4/2006, Kent State,103,34,195,34,18,5,40,3,2,6,13,3,3,0,1681,14, Buffalo,176,34,193,20,14,6,41,1,1,6,10,1,0,0,1919,41
11/4/2006, LSU,231,45,247,36,24,9,58,1,3,16,14,8,3,3,2466,28, Tennessee,62,20,186,30,12,1,15,0,1,4,13,5,0,0,1134,24
11/4/2006, Louisiana Tech,142,29,306,32,23,3,30,2,0,10,10,5,0,0,1572,34, North Texas,188,45,227,26,13,5,45,2,3,8,16,8,3,3,2028,31
11/4/2006, Maryland,54,28,247,35,23,6,31,0,1,5,14,5,2,2,1732,13, Clemson,143,41,251,27,18,1,5,0,0,7,18,6,2,1,1868,12
11/4/2006, Miami (Ohio),93,29,282,26,16,2,20,2,1,1,10,4,2,1,1549,24, Western Michigan,224,46,205,35,23,8,60,0,2,14,17,9,3,2,2051,27
11/4/2006, Mississippi State,131,38,143,23,9,5,58,1,1,6,16,7,0,0,1837,24, Alabama,101,26,187,39,19,6,45,0,2,3,14,4,0,0,1763,16
11/4/2006, Missouri,119,32,244,38,20,2,15,1,2,8,13,3,4,3,1489,20, Nebraska,183,47,236,22,14,3,19,2,0,8,17,11,1,0,2111,34
11/4/2006, North Carolina,31,25,213,24,14,5,56,0,0,3,13,4,0,0,1667,26, Notre Dame,106,35,346,37,23,5,35,1,0,9,14,8,0,0,1933,45
11/4/2006, Nevada,222,49,195,27,17,6,49,0,1,15,15,9,3,2,2272,45, Idaho,93,24,116,21,12,7,72,3,1,3,10,3,0,0,1328,7
11/4/2006, Northwestern State,170,34,91,18,10,3,14,0,0,9,12,4,2,0,1883,7, Mississippi,192,34,209,28,16,2,15,1,0,10,10,4,2,1,1717,27
11/4/2006, Northwestern,225,41,218,29,19,3,35,0,2,11,13,7,0,0,2002,21, Iowa,117,32,147,27,18,2,25,1,2,10,13,7,0,0,1598,7
11/4/2006, Ohio State,116,47,108,23,13,5,39,1,1,10,17,7,1,1,2177,17, Illinois,99,22,134,35,14,1,15,1,1,3,15,5,0,0,1423,10
11/4/2006, Ohio,278,51,46,12,7,6,65,0,0,12,13,4,1,0,1861,16, Eastern Michigan,120,33,107,25,13,7,60,0,1,5,14,5,0,0,1739,10
11/4/2006, Oklahoma State,80,21,123,28,11,10,78,1,2,5,12,4,0,0,1304,10, Texas,164,45,346,29,23,4,33,2,0,10,15,5,2,2,2296,36
11/4/2006, Oklahoma,224,45,39,12,3,5,42,2,0,12,9,1,1,1,1716,17, Texas A&M,204,40,63,18,8,6,48,0,1,10,14,6,0,0,1884,16
11/4/2006, Penn State,36,19,165,36,19,6,44,2,1,3,14,5,2,0,1333,3, Wisconsin,167,45,174,26,16,7,50,2,0,10,16,7,1,1,2267,13
11/4/2006, Pittsburgh,55,23,159,23,11,11,96,0,3,2,10,2,0,0,1456,12, South Florida,190,48,187,26,20,10,105,2,2,10,15,4,5,3,2144,22
11/4/2006, Purdue,77,27,286,30,21,5,39,2,0,4,12,3,1,1,1780,17, Michigan State,144,35,161,29,16,5,25,1,1,10,12,3,1,0,1820,15
11/4/2006, Rice,238,48,233,26,19,6,43,1,0,13,12,7,1,1,2211,37, UTEP,73,18,315,34,16,9,87,0,1,3,10,4,1,0,1389,31
11/4/2006, San Diego State,40,20,192,21,10,11,98,0,1,4,10,4,0,0,1325,24, Wyoming,222,54,97,25,15,3,30,1,0,18,15,6,3,2,2275,27
11/4/2006, San Jose State,256,50,105,16,9,2,29,1,0,12,11,3,4,3,1766,31, New Mexico State,65,25,364,49,34,11,124,1,0,4,15,7,6,2,1834,21
11/4/2006, USC,108,32,247,25,14,2,15,0,0,6,13,5,4,3,1448,42, Stanford,30,30,178,30,16,4,20,1,2,3,16,5,1,0,2152,0
11/4/2006, Louisiana-Lafayette,170,38,230,30,16,8,68,0,1,9,15,5,2,1,1998,28, Troy,208,39,153,19,12,5,40,1,1,11,10,4,1,1,1602,42
11/4/2006, TCU,250,55,195,28,15,8,69,2,0,17,16,7,2,1,2169,25, UNLV,118,24,128,27,10,5,55,0,1,4,10,1,1,0,1431,10
11/4/2006, Tulane,80,27,262,46,26,2,10,1,2,5,18,10,2,0,1577,21, Marshall,134,32,340,33,25,3,20,1,2,7,10,3,0,0,2023,42
11/4/2006, Tulsa,113,24,136,34,16,2,15,1,1,5,14,7,1,0,1652,10, Houston,227,38,244,21,16,10,90,1,0,11,11,3,2,2,1948,27
11/4/2006, Navy,435,70,32,5,2,3,25,3,0,21,14,8,3,2,1985,38, Duke,113,33,181,22,15,6,52,1,0,6,12,4,3,1,1615,13
11/4/2006, Virginia Tech,53,40,86,19,5,3,15,0,1,5,14,3,1,0,1851,17, Miami (Florida),153,27,84,30,14,8,62,0,3,6,13,3,0,0,1749,10
11/4/2006, Virginia,58,32,125,32,17,2,6,0,2,6,16,4,2,0,1916,0, Florida State,117,27,226,31,14,4,35,0,0,4,14,4,1,0,1684,33
11/4/2006, Washington,13,21,125,34,15,7,72,0,1,4,15,3,2,1,1492,14, Oregon,316,54,138,30,18,3,17,1,2,20,14,8,0,0,2108,34
11/5/2006, Southern Mississippi,254,40,232,25,15,10,76,0,0,11,11,5,1,1,1870,42, Memphis,158,32,151,34,12,6,60,0,0,9,15,3,3,3,1730,21
11/7/2006, Toledo,238,49,49,21,8,7,73,0,1,14,17,7,2,0,2051,17, Northern Illinois,23,22,244,47,20,6,38,1,1,2,16,3,2,1,1549,13
11/9/2006, Buffalo,98,36,150,24,15,6,39,1,1,5,12,3,1,0,1877,16, Akron,144,37,274,21,14,9,71,1,0,6,11,3,1,1,1723,31
11/9/2006, Louisville,103,39,163,27,13,8,49,0,1,7,17,5,2,2,2075,25, Rutgers,143,30,189,21,8,4,35,0,1,7,11,3,0,0,1525,28
11/9/2006, Wyoming,144,23,102,28,14,2,15,0,2,5,11,1,3,1,1196,7, BYU,141,43,313,26,20,5,35,0,0,6,17,12,1,1,3190,55
11/10/2006, UTEP,1,22,455,40,25,4,30,1,0,1,12,5,1,0,1779,36, UAB,94,31,266,27,16,9,75,1,2,6,10,3,1,0,1821,17
11/10/2006, Western Michigan,175,38,59,23,12,4,41,2,1,10,15,6,2,0,1682,7, Central Michigan,142,35,163,27,17,2,20,0,1,8,14,4,1,1,1918,31
11/11/2006, Alabama,78,28,291,36,22,5,45,1,1,6,11,3,1,1,1868,14, LSU,211,34,207,21,18,7,61,0,0,13,10,3,3,3,1732,28
11/11/2006, Baylor,93,21,262,41,24,3,30,3,3,6,9,2,0,0,1518,24, Oklahoma State,387,54,123,15,13,11,124,0,0,20,10,5,1,0,2082,66
11/11/2006, Boise State,160,44,181,20,14,3,24,0,1,12,14,6,2,2,2046,23, San Jose State,75,27,173,23,17,5,32,0,0,4,13,8,0,0,1554,20
11/11/2006, California,106,23,250,36,17,7,57,0,3,4,13,3,0,0,1612,20, Arizona,60,33,202,34,17,6,54,0,0,3,15,3,2,2,1988,24
11/11/2006, UCF,148,44,319,28,19,2,20,0,0,10,14,7,0,0,2175,26, Memphis,78,19,287,43,28,2,20,0,0,4,14,5,4,2,1425,24
11/11/2006, Cincinnati,57,31,310,41,23,11,75,1,3,5,17,8,2,1,1965,24, West Virginia,313,38,98,14,8,12,102,0,0,10,11,5,0,0,1635,42
11/11/2006, Colorado State,148,34,235,33,15,1,5,0,2,7,17,8,1,1,1866,22, Utah,205,42,321,34,21,10,105,0,1,12,15,9,2,1,1734,35
11/11/2006, Duke,170,31,131,40,20,2,16,0,2,10,16,5,4,1,1632,7, Boston College,241,42,260,40,25,5,34,1,1,15,13,6,3,0,1968,28
11/11/2006, Georgia Tech,143,44,78,24,10,6,57,1,1,6,19,9,1,1,2104,7, North Carolina,55,23,156,34,13,7,54,0,2,4,13,2,2,1,1496,0
11/11/2006, Georgia,227,46,219,20,14,8,49,3,0,10,14,8,2,1,2292,37, Auburn,136,25,35,12,4,4,35,0,4,6,7,0,0,0,1308,15
11/11/2006, Houston,357,48,147,21,12,10,87,1,0,16,10,5,2,0,1740,37, SMU,44,35,299,36,23,4,29,2,0,5,16,8,2,0,1860,27
11/11/2006, Iowa State,102,30,209,29,18,7,46,0,0,6,12,5,1,1,1730,16, Colorado,263,38,200,19,13,10,93,0,0,9,12,6,0,0,1870,33
11/11/2006, Kent State,84,34,98,16,6,9,71,2,1,4,11,3,1,1,1894,0, Virginia Tech,73,36,141,22,12,5,50,1,0,3,16,7,1,0,1706,23
11/11/2006, Louisiana Tech,135,41,225,38,17,6,65,0,2,9,19,9,3,1,2302,17, Hawai'i,112,12,506,44,30,7,57,1,1,5,7,5,0,0,1298,61
11/11/2006, Marshall,35,14,305,46,25,2,21,2,1,0,12,4,1,0,1501,20, East Carolina,74,40,310,31,23,6,45,2,0,6,15,6,0,0,2099,33
11/11/2006, Miami (Florida),180,46,140,27,14,2,10,1,1,10,21,13,0,0,2229,13, Maryland,56,21,202,16,11,1,10,0,0,3,10,2,0,0,1371,14
11/11/2006, Michigan,208,46,168,16,12,2,20,0,1,14,10,5,2,2,2124,34, Indiana,26,20,105,33,16,2,15,0,1,4,13,3,2,1,1476,3
11/11/2006, Middle Tennessee,211,37,134,14,11,6,35,0,0,9,12,6,1,1,1542,38, Arkansas State,162,45,146,35,14,5,40,0,1,11,17,7,5,1,1919,10
11/11/2006, Minnesota,122,33,243,29,16,9,65,0,0,6,13,5,2,0,1813,31, Michigan State,3,28,341,53,28,4,28,1,2,4,21,10,4,0,1787,18
11/11/2006, Nebraska,123,38,267,36,21,5,43,0,1,6,15,7,2,1,1972,28, Texas A&M,155,27,288,32,19,4,38,0,0,4,14,5,1,0,1628,27
11/11/2006, UNLV,39,26,211,39,20,7,82,0,2,4,14,4,3,2,1534,7, San Diego State,141,47,136,21,16,3,38,1,1,8,15,7,2,1,2066,21
11/11/2006, New Mexico State,9,22,367,51,39,4,39,4,0,1,15,6,3,1,1791,18, Fresno State,164,41,99,19,11,9,65,0,0,9,13,4,1,0,1809,23
11/11/2006, North Carolina State,178,45,95,25,10,2,10,0,2,10,17,7,3,1,1818,14, Clemson,223,39,146,24,15,5,41,1,2,9,11,4,0,0,1782,20
11/11/2006, North Texas,119,49,128,16,9,3,30,0,1,6,17,7,2,2,2030,16, Louisiana-Lafayette,40,32,168,29,17,2,20,1,0,5,16,7,4,1,1570,7
11/11/2006, Louisiana-Monroe,162,47,184,18,15,5,38,2,0,9,16,10,1,0,2039,35, Florida International,10,21,200,36,19,5,54,2,1,1,12,2,3,0,1514,0
11/11/2006, Notre Dame,176,27,207,19,14,6,60,0,0,10,7,3,1,0,1285,39, Air Force,200,60,205,19,14,5,50,0,0,11,17,9,4,1,2315,17
11/11/2006, Ohio State,231,44,194,24,14,3,30,1,1,12,13,8,3,2,1912,54, Northwestern,68,24,229,36,21,2,17,3,2,4,11,3,1,0,1587,10
11/11/2006, Oregon State,85,34,175,29,17,8,70,4,0,4,12,4,3,1,1902,7, UCLA,136,36,126,23,12,13,155,1,1,8,13,5,0,0,1698,25
11/11/2006, Oregon,102,40,256,48,30,12,87,1,1,8,19,8,5,2,2017,10, USC,167,28,176,27,16,7,60,0,3,8,9,4,3,2,1583,35
11/11/2006, Pittsburgh,180,41,234,25,20,6,40,0,0,7,12,5,2,2,1644,45, Connecticut,317,62,164,29,20,5,30,1,0,17,19,11,4,2,1956,46
11/11/2006, Purdue,202,38,229,42,20,8,47,1,1,9,17,10,1,0,1791,42, Illinois,316,42,95,29,8,6,56,4,1,14,15,5,3,2,1809,31
11/11/2006, Rice,147,33,209,37,14,7,53,0,0,6,16,6,0,0,1638,41, Tulsa,260,52,308,29,17,8,64,3,1,13,13,5,3,2,1962,38
11/11/2006, South Carolina,135,28,275,34,24,10,85,0,0,10,12,6,1,1,1831,16, Florida,147,32,254,29,19,4,49,0,1,11,13,7,2,2,1769,17
11/11/2006, Southern Mississippi,226,50,167,25,17,7,49,1,0,15,14,9,2,0,1982,31, Tulane,43,32,42,16,4,11,76,1,1,4,13,3,2,2,1618,3
11/11/2006, Stanford,20,35,206,20,11,7,50,0,0,1,14,2,3,0,1889,20, Washington,39,28,122,44,11,5,51,0,3,5,18,5,4,1,1711,3
11/11/2006, Syracuse,76,39,174,32,15,3,15,2,1,4,16,4,3,1,1976,10, South Florida,150,40,364,35,25,11,100,2,1,10,13,7,2,0,1624,27
11/11/2006, Temple,16,29,58,19,8,8,60,2,1,0,14,2,3,0,1843,0, Penn State,212,33,199,30,17,3,30,0,1,10,13,5,3,1,1757,47
11/11/2006, Tennessee,92,29,174,34,16,5,16,0,1,6,13,4,0,0,1685,14, Arkansas,259,45,166,16,11,5,65,1,0,10,13,7,0,0,1915,31
11/11/2006, TCU,167,35,25,16,6,5,32,1,0,11,13,4,0,0,1456,27, New Mexico,102,40,183,25,15,7,60,2,1,6,14,5,1,1,2144,21
11/11/2006, Texas Tech,31,11,250,48,26,7,51,0,1,3,12,2,2,1,1589,24, Oklahoma,139,36,309,31,24,2,25,3,1,5,11,7,0,0,2011,34
11/11/2006, Texas,143,45,241,35,17,4,40,2,0,10,15,5,3,3,1942,42, Kansas State,23,25,323,34,22,8,52,1,1,4,11,4,1,0,1658,45
11/11/2006, Troy,129,39,325,29,20,3,25,1,1,7,14,3,4,2,1787,24, Florida Atlantic,35,27,312,37,24,7,50,0,2,5,12,3,0,0,1813,17
11/11/2006, Navy,323,56,151,9,7,4,23,2,0,17,11,8,1,1,1791,49, Eastern Michigan,138,29,220,37,24,6,55,1,2,9,11,5,1,1,1809,21
11/11/2006, Utah State,125,38,82,21,9,8,69,0,3,7,13,2,2,0,1767,0, Nevada,202,44,140,20,12,4,34,2,0,14,11,6,2,1,1833,42
11/11/2006, Vanderbilt,175,30,446,37,23,1,5,2,2,7,9,2,2,0,1764,26, Kentucky,147,37,450,43,29,6,58,1,0,8,16,7,1,1,1836,38
11/11/2006, Wake Forest,169,46,138,20,13,4,40,0,0,9,14,3,0,0,2143,30, Florida State,26,23,113,28,9,9,69,0,4,2,13,1,0,0,1457,0
11/11/2006, Washington State,27,19,165,32,15,6,55,0,2,3,12,4,0,0,1381,14, Arizona State,196,49,366,29,16,4,44,1,1,11,15,8,2,1,2219,47
11/11/2006, Wisconsin,143,44,228,24,17,6,45,2,0,7,14,5,1,0,2328,24, Iowa,134,19,170,31,10,5,45,0,1,5,11,3,1,0,1272,21
11/14/2006, Ball State,144,34,212,31,15,3,41,0,0,6,13,2,2,0,1663,20, Toledo,226,40,152,27,14,3,24,1,0,8,15,3,1,0,1937,17
11/15/2006, Miami (Ohio),73,37,130,24,12,4,31,1,0,6,15,6,2,1,1854,9, Bowling Green,129,33,131,24,13,2,20,0,0,8,14,4,1,0,1746,7
11/16/2006, Akron,-4,21,227,46,21,9,64,1,2,2,15,3,4,1,1461,7, Ohio,208,50,49,15,6,7,64,3,0,11,14,4,1,0,2139,17
11/16/2006, West Virginia,437,47,204,16,11,4,40,0,0,15,14,9,1,0,2035,45, Pittsburgh,-1,19,341,37,28,4,40,0,0,2,13,6,2,0,1565,27
11/17/2006, Central Michigan,104,22,217,42,25,6,49,1,2,5,14,5,1,0,1578,10, Northern Illinois,215,39,185,27,17,4,31,0,1,12,11,5,0,0,2022,31
11/17/2006, Eastern Michigan,68,28,174,34,15,3,22,1,4,3,15,5,0,0,1825,6, Kent State,129,41,188,18,9,6,57,0,1,3,12,1,3,0,1775,14
11/18/2006, UAB,82,38,155,18,9,11,91,0,2,5,13,4,1,0,1953,20, Southern Mississippi,212,44,128,18,8,6,55,3,1,14,12,5,0,0,1647,25
11/18/2006, Arizona,230,45,133,14,9,9,85,0,0,9,14,5,0,0,2180,37, Oregon,163,26,183,45,25,2,20,2,4,7,16,8,4,0,1420,10
11/18/2006, Arkansas State,233,51,188,26,13,8,100,0,0,15,19,10,1,1,2274,33, Troy,88,26,267,30,19,6,74,1,2,5,9,3,0,0,1326,26
11/18/2006, Arkansas,128,38,128,18,9,4,33,0,1,6,13,5,1,0,1774,28, Mississippi State,154,30,201,36,15,7,63,0,2,5,15,5,1,0,1826,14
11/18/2006, Auburn,124,40,137,14,6,7,47,1,0,8,11,4,0,0,1817,22, Alabama,112,30,252,33,18,5,40,3,1,7,14,7,1,0,1783,15
11/18/2006, Buffalo,52,28,107,23,6,2,15,3,1,2,13,2,0,0,1576,3, Wisconsin,128,42,308,27,16,2,25,2,1,8,11,3,1,0,2024,35
11/18/2006, California,99,26,176,38,17,3,22,1,2,5,15,7,1,0,1569,9, USC,120,31,238,31,18,10,71,0,0,5,13,4,1,1,2031,23
11/18/2006, UCLA,87,30,187,24,14,2,13,0,0,4,13,3,1,1,1657,24, Arizona State,115,37,149,30,11,4,33,0,1,7,17,4,2,0,1943,12
11/18/2006, UCF,74,32,230,35,22,5,39,1,0,2,16,4,3,1,1857,9, Tulane,28,26,267,43,26,4,25,0,2,6,15,6,2,0,1743,10
11/18/2006, Connecticut,70,39,196,33,21,2,10,0,3,6,19,11,0,0,1862,14, Syracuse,163,39,143,19,9,4,35,1,0,7,13,4,0,0,1738,20
11/18/2006, Duke,41,26,237,33,19,6,57,2,2,2,14,4,0,0,1695,21, Georgia Tech,214,42,248,25,13,8,69,0,2,9,15,7,2,1,1905,49
11/18/2006, East Carolina,218,35,83,17,10,5,21,0,2,14,10,5,0,0,1646,17, Rice,179,37,279,45,23,2,10,0,2,10,15,5,5,4,1954,18
11/18/2006, Florida Atlantic,132,38,107,25,12,4,46,0,0,11,14,7,2,1,1770,17, North Texas,254,40,84,18,11,4,43,1,3,12,10,4,1,1,1830,16
11/18/2006, Houston,205,49,166,24,19,13,105,2,0,11,16,7,0,0,1984,23, Memphis,135,35,114,27,13,6,51,1,2,7,16,7,0,0,1616,20
11/18/2006, Idaho,107,30,92,30,10,9,79,0,1,7,14,2,1,0,1640,0, Fresno State,290,42,109,23,14,1,6,0,2,14,11,4,0,0,1960,34
11/18/2006, Illinois,214,26,65,18,4,7,56,3,0,5,12,3,2,0,1257,16, Northwestern,95,52,269,30,22,2,25,2,0,9,18,9,1,1,2343,27
11/18/2006, Indiana,215,31,290,42,26,6,46,4,0,8,15,5,4,2,1780,19, Purdue,175,39,260,32,18,1,9,1,4,9,13,6,0,0,1820,28
11/18/2006, Iowa,182,36,364,38,27,3,33,1,4,10,10,6,1,0,1645,24, Minnesota,192,42,267,30,18,6,50,0,1,11,13,6,3,3,1955,34
11/18/2006, Kansas State,118,30,244,44,23,6,75,3,3,8,16,7,2,1,1895,20, Kansas,247,36,108,23,11,6,38,2,2,12,11,3,1,1,1705,39
11/18/2006, Maryland,73,29,258,43,28,4,34,2,2,6,13,5,2,1,1892,16, Boston College,124,30,249,29,19,11,85,0,0,8,11,5,0,0,1367,38
11/18/2006, Miami (Florida),111,29,152,18,11,3,35,1,1,7,10,3,1,0,1590,7, Virginia,132,42,217,33,23,0,0,0,0,9,16,9,1,0,2010,17
11/18/2006, Michigan State,14,15,291,62,30,7,60,0,0,4,19,6,2,0,1714,13, Penn State,105,39,220,37,17,3,25,4,0,8,14,4,1,1,1886,17
11/18/2006, Michigan,130,30,267,35,21,5,45,0,0,3,13,4,1,0,1809,39, Ohio State,187,29,316,41,29,4,50,2,1,7,11,6,0,0,1791,42
11/18/2006, Middle Tennessee,81,32,119,19,6,10,73,0,0,7,12,4,0,0,1903,7, South Carolina,154,28,391,29,22,5,46,1,0,7,9,7,1,0,1697,52
11/18/2006, Mississippi,100,44,95,20,9,8,55,1,0,7,17,6,3,2,2015,20, LSU,85,31,223,36,20,6,60,1,0,8,14,6,2,1,1585,23
11/18/2006, Missouri,90,24,310,44,29,5,41,1,0,4,15,7,2,1,1508,16, Iowa State,196,48,153,27,15,5,40,0,1,14,16,8,2,2,2092,21
11/18/2006, Nevada,213,42,196,23,13,3,20,1,1,10,12,6,2,1,1957,42, Louisiana Tech,163,33,168,27,14,7,65,2,2,8,11,4,3,0,1643,0
11/18/2006, New Mexico,173,31,245,39,22,2,15,1,2,9,13,5,3,1,1753,17, BYU,189,32,464,42,28,4,45,0,2,9,12,9,1,0,1847,42
11/18/2006, North Carolina State,80,27,261,41,22,9,82,1,3,6,12,2,2,1,1702,9, North Carolina,123,41,137,15,8,5,60,1,0,7,13,6,0,0,1898,23
11/18/2006, Louisiana-Monroe,351,57,150,19,10,11,102,0,1,19,13,9,1,0,2047,40, Kentucky,98,29,359,35,25,5,45,1,0,9,10,2,4,2,1553,42
11/18/2006, Oklahoma State,221,50,164,34,13,5,25,0,1,14,19,10,3,2,2174,24, Texas Tech,81,17,353,44,28,7,67,1,0,5,14,6,1,0,1426,30
11/18/2006, Oklahoma,236,41,178,19,12,5,45,4,1,11,11,6,0,0,1813,36, Baylor,-48,20,188,45,22,3,15,0,2,1,16,3,4,1,1787,10
11/18/2006, Oregon State,208,47,177,25,16,7,65,0,0,12,13,4,2,2,2356,30, Stanford,85,21,125,26,9,3,25,1,1,6,9,2,2,1,1244,7
11/18/2006, Rutgers,50,21,238,42,21,6,45,0,4,2,17,7,2,1,1639,11, Cincinnati,125,46,277,15,11,7,70,3,0,6,14,6,1,1,1961,30
11/18/2006, San Diego State,31,24,56,25,11,2,10,0,2,2,13,1,1,1,1598,0, TCU,275,49,349,26,22,5,35,1,0,16,12,8,1,0,2002,52
11/18/2006, San Jose State,82,38,110,17,7,3,35,2,1,3,13,3,0,0,1840,17, Hawai'i,151,26,417,40,29,12,140,1,1,6,12,8,1,1,1760,54
11/18/2006, South Florida,49,30,237,32,15,6,47,0,1,3,15,3,0,0,1698,8, Louisville,172,36,274,33,19,9,80,1,0,9,14,6,0,0,1902,31
11/18/2006, Louisiana-Lafayette,270,55,84,20,8,4,20,1,1,13,17,8,1,0,2174,17, Florida International,53,19,137,32,17,6,45,0,1,2,12,1,1,0,1426,7
11/18/2006, Temple,13,27,216,33,20,7,55,0,2,2,14,4,4,0,1780,6, Navy,420,56,35,8,3,3,25,1,1,20,8,3,0,0,1820,42
11/18/2006, Tennessee,163,26,266,30,21,7,64,1,0,7,11,3,1,1,1590,39, Vanderbilt,109,34,109,24,11,4,29,0,2,7,14,5,0,0,2010,10
11/18/2006, UTEP,15,21,386,48,34,7,70,2,3,4,10,2,2,0,1767,21, Marshall,259,48,135,15,5,7,74,1,1,12,11,5,1,0,1833,49
11/18/2006, Tulsa,126,36,230,30,22,4,26,1,0,4,12,5,1,0,2050,24, SMU,179,34,190,19,11,7,57,0,0,11,10,4,0,0,1550,34
11/18/2006, Army,58,36,92,21,8,4,35,1,2,5,14,5,1,0,1909,9, Notre Dame,221,35,218,30,22,9,77,1,1,12,10,6,2,0,1691,41
11/18/2006, Utah State,90,30,98,19,9,6,44,0,1,2,13,2,2,0,1598,10, Boise State,231,41,257,27,25,6,66,2,0,11,12,8,2,2,2002,49
11/18/2006, Utah,119,35,236,38,24,7,60,0,0,12,18,12,1,0,1949,17, Air Force,116,41,218,22,16,4,20,0,0,8,16,9,0,0,1651,14
11/18/2006, Virginia Tech,92,33,252,22,14,6,65,0,1,5,12,4,0,0,1816,27, Wake Forest,62,32,195,30,17,3,27,1,0,6,16,4,2,1,1784,6
11/18/2006, Washington,109,31,271,27,14,6,45,0,2,4,14,5,0,0,1694,35, Washington State,102,31,328,54,32,2,10,1,0,7,20,10,2,1,1906,32
11/18/2006, Western Carolina,24,28,35,12,5,6,35,0,0,2,12,2,0,0,1808,0, Florida,282,34,300,24,19,11,90,0,0,15,9,7,2,2,1792,62
11/18/2006, Western Michigan,33,30,229,50,27,7,62,0,2,5,19,7,4,2,1910,20, Florida State,73,28,178,23,14,3,20,2,0,4,11,1,2,2,1690,28
11/18/2006, Wyoming,89,39,197,27,19,5,54,0,2,6,13,3,1,0,2021,34, UNLV,59,23,162,37,19,10,75,2,1,4,15,4,4,2,1579,26
11/21/2006, Bowling Green,76,31,246,42,24,4,27,0,1,4,17,6,5,3,1793,21, Toledo,208,47,107,13,10,6,60,0,0,10,13,6,1,0,1807,31
11/23/2006, Boston College,24,25,169,34,17,6,45,1,1,2,14,2,3,0,1590,14, Miami (Florida),66,34,181,26,13,5,37,1,3,4,13,2,1,0,2010,17
11/24/2006, Fresno State,336,38,142,23,14,6,46,2,1,11,11,5,0,0,1617,34, Louisiana Tech,166,36,189,31,18,3,30,0,2,7,14,6,0,0,1983,27
11/24/2006, Central Michigan,47,29,346,20,16,6,55,0,0,4,10,5,1,0,1640,55, Buffalo,124,27,225,41,21,2,15,1,1,7,13,6,1,0,1960,28
11/24/2006, Colorado,166,31,131,23,11,8,74,0,0,5,13,5,1,0,1451,14, Nebraska,190,46,278,30,20,10,70,2,0,11,15,8,3,3,2149,37
11/24/2006, Kent State,84,32,181,35,19,7,82,0,1,6,15,5,3,1,1632,6, Ball State,137,39,268,31,16,4,45,0,1,4,15,4,1,0,1968,30
11/24/2006, LSU,118,36,210,22,14,2,25,2,0,6,12,5,0,0,2012,31, Arkansas,298,39,62,20,5,8,55,0,1,13,14,7,2,0,1588,26
11/24/2006, Northern Illinois,240,45,261,37,24,5,38,1,3,15,15,9,2,1,2225,27, Eastern Michigan,45,24,67,18,10,8,60,1,0,2,9,0,0,0,1375,0
11/24/2006, Ohio,304,44,133,17,10,4,38,2,1,8,15,6,2,1,1915,34, Miami (Ohio),128,26,180,36,20,3,27,2,1,6,13,5,2,1,1685,24
11/24/2006, Oregon,153,33,274,43,25,7,46,1,1,9,18,11,1,1,1840,28, Oregon State,88,30,255,27,16,6,56,1,0,6,12,5,0,0,1760,30
11/24/2006, Texas A&M,244,51,58,13,7,10,91,1,0,14,16,10,0,0,2158,12, Texas,70,25,160,29,17,3,26,0,4,4,9,2,1,0,1442,7
11/24/2006, Tulane,74,32,78,21,10,4,25,0,0,8,14,5,0,0,1750,3, Tulsa,191,38,267,22,16,6,45,0,0,10,10,5,2,1,1850,38
11/24/2006, Air Force,204,45,211,18,10,6,63,0,0,12,12,6,1,0,1603,39, UNLV,204,43,351,34,26,9,120,3,0,11,12,8,1,1,1997,42
11/24/2006, Western Michigan,110,42,217,29,17,9,78,0,1,5,17,7,3,2,2112,17, Akron,-13,20,132,27,13,11,77,1,1,1,12,2,1,0,1488,0
11/25/2006, UAB,89,27,289,41,25,7,45,0,0,12,11,2,3,2,1800,22, UCF,205,38,278,25,20,3,20,1,1,9,13,8,0,0,1800,31
11/25/2006, Arizona State,215,45,214,26,17,8,76,1,1,12,14,6,2,1,2040,28, Arizona,33,23,135,40,17,5,52,0,2,4,16,5,2,0,1468,14
11/25/2006, Arkansas State,233,38,132,30,13,4,50,1,0,11,15,5,4,1,1910,13, Louisiana-Lafayette,265,41,107,18,10,4,32,1,1,8,11,4,2,2,1690,28
11/25/2006, Boise State,178,52,299,27,20,5,41,0,1,14,12,5,4,1,2268,38, Nevada,106,22,35,15,6,7,55,4,0,3,9,1,0,0,1332,7
11/25/2006, BYU,54,24,375,44,28,6,53,0,0,5,11,5,1,1,1783,33, Utah,98,33,376,41,25,6,56,0,0,7,14,6,3,2,1817,31
11/25/2006, Cincinnati,151,41,291,34,20,8,71,0,1,8,18,7,0,0,1926,26, Connecticut,123,31,172,24,13,9,62,0,0,7,13,5,0,0,1674,23
11/25/2006, East Carolina,124,38,220,29,14,5,24,0,0,9,16,7,1,0,1805,21, North Carolina State,107,29,186,28,17,8,59,0,1,3,13,4,0,0,1795,16
11/25/2006, Florida International,50,19,153,31,15,6,73,0,1,5,10,2,2,0,1361,0, Florida Atlantic,142,45,219,22,15,4,35,0,0,8,14,9,1,0,2048,31
11/25/2006, Florida,105,32,283,35,21,7,65,1,0,6,16,6,0,0,2023,21, Florida State,46,18,189,43,18,4,27,0,3,3,15,3,3,0,1577,14
11/25/2006, Georgia Tech,146,35,42,22,6,3,15,1,2,10,14,4,0,0,1574,12, Georgia,84,37,171,29,16,5,60,1,0,6,18,10,0,0,2026,15
11/25/2006, Kansas,160,29,162,23,12,7,70,1,1,8,9,1,0,0,1580,17, Missouri,137,37,356,38,26,1,15,0,0,10,17,9,1,1,2020,42
11/25/2006, Kentucky,128,30,282,39,26,3,28,0,0,8,14,7,3,0,1828,12, Tennessee,96,34,240,33,19,4,35,1,0,9,14,7,2,2,1772,17
11/25/2006, Louisville,162,31,337,29,21,5,50,1,0,6,12,6,0,0,1714,48, Pittsburgh,70,24,328,51,32,4,30,1,3,5,13,4,5,2,1886,24
11/25/2006, Marshall,150,31,129,14,7,9,75,2,2,7,7,1,2,0,1402,7, Southern Mississippi,226,44,135,19,14,1,15,0,0,13,12,8,1,0,2198,42
11/25/2006, Memphis,158,43,218,26,16,5,41,0,0,9,14,5,2,1,2052,38, UTEP,5,16,398,44,26,4,40,2,2,1,12,3,0,0,1548,19
11/25/2006, Mississippi State,152,35,162,34,16,4,25,0,1,10,13,5,0,0,1995,17, Mississippi,58,27,142,23,10,7,60,0,0,2,13,4,1,0,1605,20
11/25/2006, North Carolina,200,32,253,31,20,6,75,2,1,8,13,5,1,1,1814,45, Duke,103,27,291,36,21,3,20,0,2,6,13,5,0,0,1786,44
11/25/2006, New Mexico State,160,39,331,29,22,7,70,1,1,8,12,5,4,3,1942,42, Utah State,135,33,197,31,15,3,25,1,1,7,12,3,4,2,1658,20
11/25/2006, North Texas,74,25,63,21,11,7,61,0,2,5,12,2,3,2,1531,3, Louisiana-Monroe,216,47,193,19,12,8,56,0,0,14,13,6,1,1,2069,23
11/25/2006, Notre Dame,130,31,274,45,22,8,39,1,0,6,18,7,6,2,1853,24, USC,139,32,265,28,17,6,42,0,2,7,11,5,2,2,1747,44
11/25/2006, Oklahoma,238,47,77,11,7,2,11,0,0,11,14,9,0,0,1852,27, Oklahoma State,119,39,243,31,17,5,37,1,0,6,15,6,4,3,1748,21
11/25/2006, Purdue,90,27,382,43,30,6,35,1,2,4,14,9,0,0,1915,35, Hawai'i,219,20,434,48,33,4,37,2,1,10,6,3,1,0,1685,42
11/25/2006, San Diego State,104,34,327,49,27,1,15,1,3,8,16,7,4,1,2053,14, New Mexico,214,32,87,20,9,6,38,0,0,8,13,6,0,0,1547,41
11/25/2006, San Jose State,156,42,179,17,10,8,67,1,1,7,11,3,0,0,2050,28, Idaho,123,33,131,20,7,8,80,0,2,7,11,2,0,0,1550,13
11/25/2006, South Carolina,208,35,284,37,24,5,35,1,3,14,10,6,2,1,1977,31, Clemson,181,33,191,19,13,3,30,1,1,8,11,5,0,0,1623,28
11/25/2006, South Florida,84,39,279,30,22,8,60,0,2,5,14,7,1,1,1952,24, West Virginia,132,37,178,22,14,3,25,2,2,7,15,7,2,1,1648,19
11/25/2006, SMU,140,38,137,19,8,8,72,2,2,5,14,2,2,1,1695,27, Rice,78,42,205,21,13,4,20,1,2,7,15,5,1,0,1905,31
11/25/2006, Syracuse,122,31,69,19,10,5,49,1,1,8,12,3,1,0,1517,7, Rutgers,217,44,146,15,10,4,45,0,0,10,9,2,2,2,2083,38
11/25/2006, TCU,350,50,256,28,18,7,84,1,0,17,11,6,3,2,2026,45, Colorado State,34,18,266,36,23,4,29,0,2,5,11,5,1,1,1574,14
11/25/2006, Troy,81,31,235,40,30,4,40,0,1,6,14,3,4,3,1680,21, Middle Tennessee,77,39,126,22,13,2,10,1,0,6,16,6,1,1,1920,20
11/25/2006, Virginia,46,23,66,21,10,6,45,1,1,2,13,2,0,0,1364,0, Virginia Tech,156,45,146,18,12,3,29,0,1,7,18,9,1,0,2236,17
11/25/2006, Wake Forest,296,57,125,13,10,4,34,0,1,17,11,5,2,2,2113,38, Maryland,194,33,182,26,14,5,30,0,3,9,9,4,1,0,1487,24
11/30/2006, Central Michigan,143,21,314,30,22,2,20,0,1,4,9,2,0,0,1434,31, Ohio,87,39,137,27,17,4,35,1,2,9,15,5,1,1,2166,10
12/1/2006, Southern Mississippi,163,33,186,32,17,4,35,1,0,6,14,7,2,0,1976,20, Houston,167,33,276,32,20,8,55,0,0,9,10,2,4,3,1624,34
12/2/2006, Arkansas,132,35,179,26,12,5,25,1,3,7,12,4,0,0,1918,28, Florida,202,30,194,31,17,8,67,0,2,11,11,2,2,1,1682,38
12/2/2006, Fresno State,154,36,215,37,21,6,55,0,4,10,14,8,0,0,1983,14, San Jose State,187,36,216,27,15,4,20,1,1,9,13,6,2,1,1617,24
12/2/2006, Colorado State,113,38,175,41,21,3,18,0,1,7,21,8,4,2,2126,6, San Diego State,184,32,51,19,7,7,56,1,0,6,12,3,0,0,1474,17
12/2/2006, Connecticut,147,31,89,19,7,9,76,1,1,5,11,2,1,0,1479,17, Louisville,221,44,349,29,21,3,30,2,1,11,12,5,2,2,2121,48
12/2/2006, Louisiana Tech,135,29,296,40,23,6,55,1,3,6,11,3,2,0,1742,23, New Mexico State,133,26,518,57,43,7,73,1,0,6,9,3,2,1,1769,50
12/2/2006, Nebraska,84,21,282,50,23,5,24,2,3,6,15,3,3,1,1701,7, Oklahoma,42,28,265,35,19,3,25,0,1,2,15,4,1,0,1899,21
12/2/2006, Louisiana-Monroe,173,33,244,18,11,8,51,1,0,7,11,3,1,1,1588,39, Louisiana-Lafayette,173,41,189,42,22,8,52,0,3,12,18,7,8,4,2012,20
12/2/2006, Oregon State,71,26,245,17,11,4,38,0,0,7,7,2,2,0,1304,35, Hawai'i,103,29,401,50,37,3,25,0,2,8,13,7,2,1,2296,32
12/2/2006, Rutgers,174,37,278,26,19,2,10,0,0,8,14,5,0,0,1698,39, West Virginia,195,47,244,30,14,6,40,0,1,8,19,9,0,0,1902,41
12/2/2006, USC,55,29,274,39,23,9,55,0,1,4,17,6,3,1,1907,9, UCLA,121,36,114,21,12,3,21,1,0,6,13,4,0,0,1693,13
12/2/2006, Stanford,65,33,204,31,15,6,45,2,0,6,15,7,1,0,1925,17, California,127,33,217,31,14,3,21,1,0,7,15,6,0,0,1675,26
12/2/2006, Troy,245,43,53,23,9,4,50,1,0,12,13,3,2,0,1580,26, Florida International,20,25,225,51,30,5,48,1,1,6,18,7,2,0,2020,13
12/2/2006, Air Force,98,44,44,11,4,5,32,3,1,8,12,3,5,3,1592,14, TCU,141,42,236,32,23,8,54,1,0,10,15,9,1,0,2008,38
12/2/2006, Army,102,36,151,23,16,6,39,0,2,7,14,5,2,2,1802,14, Navy,264,54,11,6,1,4,20,1,0,14,15,8,3,2,1798,26
12/2/2006, Wake Forest,91,43,201,25,14,7,85,0,0,6,16,4,1,1,2052,9, Georgia Tech,143,38,129,29,9,6,45,0,2,7,15,5,3,0,1548,6
12/19/2006, Northern Illinois,-20,29,80,19,6,0,0,0,1,0,14,2,1,0,1656,7, TCU,198,46,258,29,19,7,80,0,0,10,15,7,1,0,1944,37
12/21/2006, BYU,173,31,375,47,28,7,70,0,2,8,16,8,1,1,2064,38, Oregon,94,30,166,34,16,8,75,0,2,8,16,5,3,1,1536,8
12/22/2006, Rice,39,21,305,54,35,7,49,0,5,3,18,9,1,1,2037,17, Troy,148,33,228,29,15,7,70,0,1,8,16,8,1,1,1563,41
12/23/2006, New Mexico,128,31,249,45,24,5,44,4,0,8,17,5,1,0,2093,12, San Jose State,71,28,209,18,11,7,50,0,0,1,11,1,2,0,1507,20
12/23/2006, South Florida,156,43,130,18,12,6,60,1,0,7,15,3,5,5,1848,24, East Carolina,54,32,263,44,18,3,25,2,0,8,17,6,3,2,1742,7
12/23/2006, Tulsa,96,29,158,27,20,4,36,1,1,6,11,2,2,2,1690,13, Utah,165,33,240,34,23,6,41,1,1,10,14,7,0,0,1910,25
12/24/2006, Hawai'i,121,27,559,42,33,10,103,1,1,5,10,6,0,0,1935,41, Arizona State,200,36,191,26,13,5,32,2,0,9,12,5,2,1,1665,24
12/26/2006, Middle Tennessee,61,30,259,41,27,10,103,0,2,5,15,6,1,0,2201,14, Central Michigan,149,32,162,26,16,4,55,0,0,10,12,5,0,0,1399,31
12/27/2006, Florida State,105,30,325,43,21,5,44,0,1,6,15,5,1,1,1812,44, UCLA,194,35,240,36,15,4,34,1,2,9,16,6,1,0,1788,27
12/28/2006, Oklahoma State,207,41,212,30,15,9,77,1,1,13,13,5,2,2,1689,34, Alabama,108,34,168,33,18,8,45,2,1,6,16,9,0,0,1911,31
12/28/2006, Rutgers,211,37,268,28,16,5,30,0,0,9,14,6,1,0,2180,37, Kansas State,31,21,131,24,12,9,59,1,2,2,10,1,3,1,1420,10
12/28/2006, Texas A&M,163,38,186,29,18,5,33,0,1,9,11,4,4,1,2095,10, California,241,32,235,24,19,4,35,0,1,11,6,2,1,1,1505,45
12/29/2006, Clemson,130,25,272,39,23,5,50,3,1,7,11,4,1,1,1576,20, Kentucky,100,40,309,29,21,8,84,2,0,7,14,7,2,1,2024,28
12/29/2006, Oregon State,101,29,356,54,31,2,15,1,1,6,15,6,3,2,2015,39, Missouri,202,33,359,32,17,1,15,2,0,7,13,5,1,1,1585,38
12/29/2006, Purdue,21,13,264,36,23,4,33,1,1,0,13,6,0,0,1212,7, Maryland,206,50,223,24,15,5,31,0,0,10,17,9,1,1,2388,24
12/29/2006, South Carolina,189,41,323,29,19,9,93,0,1,10,12,6,2,1,1999,44, Houston,135,33,392,40,27,4,40,1,1,9,14,7,4,2,1601,36
12/29/2006, Texas Tech,103,24,445,55,36,4,30,2,1,5,10,7,2,1,1451,44, Minnesota,195,47,263,31,19,5,23,0,1,11,14,6,3,2,2149,41
12/30/2006, Georgia,71,31,129,21,9,4,31,0,1,2,14,3,1,1,1823,31, Virginia Tech,42,26,147,27,14,8,78,1,3,3,13,3,2,1,1777,24
12/30/2006, Texas,70,21,308,40,26,6,60,1,0,4,15,6,1,1,1744,26, Iowa,89,34,274,25,15,8,53,1,1,5,13,6,0,0,1856,24
12/30/2006, Navy,322,59,81,8,6,3,30,2,0,16,13,6,1,0,2003,24, Boston College,73,31,242,30,20,5,25,0,2,3,12,5,0,0,1597,25
12/31/2006, Miami (Florida),28,31,272,19,11,6,76,0,1,4,10,3,0,0,1558,21, Nevada,90,38,207,32,21,1,10,0,1,10,15,4,1,1,2042,20
1/1/2007, Arkansas,232,34,136,32,15,12,123,0,2,7,14,3,2,0,1829,14, Wisconsin,-5,28,206,34,14,4,35,1,2,1,14,5,1,0,1771,17
1/1/2007, Auburn,67,35,111,21,10,6,45,2,0,5,12,4,0,0,1620,17, Nebraska,104,38,126,27,14,4,45,1,1,6,14,5,2,0,1980,14
1/1/2007, Boise State,110,35,267,30,20,8,63,2,1,6,14,4,2,2,2508,43, Oklahoma,174,38,233,32,19,6,35,1,3,9,10,2,0,0,1992,42
1/1/2007, USC,48,23,391,45,27,3,27,1,0,4,15,8,1,1,1802,32, Michigan,12,27,309,41,26,2,20,1,1,3,15,7,1,0,1798,18
1/1/2007, Tennessee,83,23,267,37,25,7,55,2,1,6,13,6,1,0,1618,10, Penn State,183,40,197,25,14,6,45,0,0,9,12,4,0,0,1982,20
1/1/2007, West Virginia,311,45,131,15,9,3,30,0,0,15,11,4,1,1,1863,38, Georgia Tech,160,32,326,29,19,5,37,1,1,8,12,4,1,1,1737,35
1/2/2007, Louisville,125,37,332,35,25,1,5,2,0,8,13,5,2,1,1944,24, Wake Forest,111,29,271,33,21,3,30,2,1,5,12,4,0,0,1656,13
1/3/2007, Notre Dame,143,31,148,35,15,4,40,0,2,7,16,8,1,0,1694,14, LSU,245,37,332,34,21,9,95,1,1,16,10,3,1,1,1906,41
1/6/2007, Western Michigan,108,29,260,45,24,3,19,0,2,5,18,6,1,1,1785,24, Cincinnati,126,34,221,37,20,2,20,1,2,6,16,7,0,0,1815,27
1/7/2007, Ohio,47,22,177,37,15,6,39,0,2,3,15,3,4,2,1495,7, Southern Mississippi,124,39,160,22,14,6,50,0,1,7,14,7,0,0,2105,28
1/8/2007, Florida,156,43,214,37,26,6,50,0,0,6,19,10,3,2,2448,41, Ohio State,47,23,35,14,4,5,50,1,1,5,9,1,1,0,1152,14
