id,pred
2015_1107_1112,0.02832308
2015_1107_1116,0.140743025
2015_1107_1124,0.081530667
2015_1107_1125,0.554732562
2015_1107_1129,0.269253515
2015_1107_1138,0.252863433
2015_1107_1139,0.122916935
2015_1107_1140,0.182313824
2015_1107_1153,0.201092159
2015_1107_1157,0.507133509
2015_1107_1172,0.173591836
2015_1107_1173,0.206304545
2015_1107_1181,0.047912198
2015_1107_1186,0.52234743
2015_1107_1207,0.137939393
2015_1107_1208,0.184868444
2015_1107_1209,0.307520294
2015_1107_1211,0.054275491
2015_1107_1214,0.804297015
2015_1107_1217,0.34491061
2015_1107_1231,0.211227139
2015_1107_1234,0.145990271
2015_1107_1235,0.071935422
2015_1107_1242,0.070381641
2015_1107_1246,0.016818856
2015_1107_1248,0.608686327
2015_1107_1257,0.091867546
2015_1107_1261,0.222749546
2015_1107_1264,0.491272736
2015_1107_1268,0.156512813
2015_1107_1277,0.095221604
2015_1107_1279,0.220517703
2015_1107_1295,0.500437119
2015_1107_1301,0.154747092
2015_1107_1308,0.400331204
2015_1107_1314,0.071188394
2015_1107_1316,0.504346669
2015_1107_1318,0.411363572
2015_1107_1320,0.11471326
2015_1107_1323,0.082857572
2015_1107_1326,0.108052477
2015_1107_1328,0.081062751
2015_1107_1329,0.16855958
2015_1107_1332,0.194136341
2015_1107_1344,0.149705768
2015_1107_1345,0.185991584
2015_1107_1352,0.56186721
2015_1107_1361,0.207544644
2015_1107_1372,0.239944411
2015_1107_1374,0.136143816
2015_1107_1385,0.208626219
2015_1107_1400,0.1138124
2015_1107_1411,0.712182864
2015_1107_1412,0.446339791
2015_1107_1414,0.416815049
2015_1107_1417,0.18362282
2015_1107_1428,0.096660031
2015_1107_1433,0.129587263
2015_1107_1434,0.334156937
2015_1107_1437,0.043487586
2015_1107_1438,0.05491133
2015_1107_1452,0.117216595
2015_1107_1455,0.092363736
2015_1107_1458,0.034410683
2015_1107_1459,0.442706881
2015_1107_1461,0.368103866
2015_1107_1462,0.127181488
2015_1112_1116,0.853007519
2015_1112_1124,0.755011731
2015_1112_1125,0.981346546
2015_1112_1129,0.937029187
2015_1112_1138,0.922028149
2015_1112_1139,0.823965209
2015_1112_1140,0.88762234
2015_1112_1153,0.889845225
2015_1112_1157,0.975655469
2015_1112_1172,0.871817222
2015_1112_1173,0.894575148
2015_1112_1181,0.614625544
2015_1112_1186,0.974853782
2015_1112_1207,0.838688993
2015_1112_1208,0.883570178
2015_1112_1209,0.942118004
2015_1112_1211,0.626641444
2015_1112_1214,0.986732325
2015_1112_1217,0.937873623
2015_1112_1231,0.89233713
2015_1112_1234,0.84659253
2015_1112_1235,0.728783781
2015_1112_1242,0.727230388
2015_1112_1246,0.355702154
2015_1112_1248,0.982658455
2015_1112_1257,0.792945416
2015_1112_1261,0.903882331
2015_1112_1264,0.973333531
2015_1112_1268,0.846570499
2015_1112_1277,0.781818198
2015_1112_1279,0.906165024
2015_1112_1295,0.974163351
2015_1112_1301,0.854428208
2015_1112_1308,0.961075587
2015_1112_1314,0.738890587
2015_1112_1316,0.97570494
2015_1112_1318,0.959359534
2015_1112_1320,0.790243172
2015_1112_1323,0.732245124
2015_1112_1326,0.814451777
2015_1112_1328,0.750293475
2015_1112_1329,0.863015913
2015_1112_1332,0.886206872
2015_1112_1344,0.850841742
2015_1112_1345,0.862646126
2015_1112_1352,0.978683345
2015_1112_1361,0.895152822
2015_1112_1372,0.915703571
2015_1112_1374,0.839318375
2015_1112_1385,0.901812914
2015_1112_1400,0.806379891
2015_1112_1411,0.986552409
2015_1112_1412,0.968146084
2015_1112_1414,0.956909485
2015_1112_1417,0.890338413
2015_1112_1428,0.758770674
2015_1112_1433,0.830306562
2015_1112_1434,0.950959258
2015_1112_1437,0.580123872
2015_1112_1438,0.627431564
2015_1112_1452,0.835106939
2015_1112_1455,0.776328746
2015_1112_1458,0.528430182
2015_1112_1459,0.959054884
2015_1112_1461,0.941333794
2015_1112_1462,0.828943642
2015_1116_1124,0.346425939
2015_1116_1125,0.894355872
2015_1116_1129,0.688821653
2015_1116_1138,0.670708576
2015_1116_1139,0.459225083
2015_1116_1140,0.581434672
2015_1116_1153,0.592578423
2015_1116_1157,0.875789653
2015_1116_1172,0.528993222
2015_1116_1173,0.608108293
2015_1116_1181,0.218519711
2015_1116_1186,0.869540135
2015_1116_1207,0.484282995
2015_1116_1208,0.581696457
2015_1116_1209,0.735792564
2015_1116_1211,0.235230649
2015_1116_1214,0.966861747
2015_1116_1217,0.742831548
2015_1116_1231,0.610220931
2015_1116_1234,0.520429432
2015_1116_1235,0.316208983
2015_1116_1242,0.322762917
2015_1116_1246,0.089007276
2015_1116_1248,0.90237081
2015_1116_1257,0.389452656
2015_1116_1261,0.627025859
2015_1116_1264,0.869184369
2015_1116_1268,0.498588692
2015_1116_1277,0.402994256
2015_1116_1279,0.625192535
2015_1116_1295,0.874290805
2015_1116_1301,0.511447539
2015_1116_1308,0.809096526
2015_1116_1314,0.321507799
2015_1116_1316,0.869370234
2015_1116_1318,0.820385785
2015_1116_1320,0.400476933
2015_1116_1323,0.326480703
2015_1116_1326,0.446252061
2015_1116_1328,0.341237315
2015_1116_1329,0.55223938
2015_1116_1332,0.581434888
2015_1116_1344,0.510862758
2015_1116_1345,0.568410788
2015_1116_1352,0.890449535
2015_1116_1361,0.59655224
2015_1116_1372,0.636560129
2015_1116_1374,0.478828292
2015_1116_1385,0.620904763
2015_1116_1400,0.437335649
2015_1116_1411,0.944776638
2015_1116_1412,0.844204131
2015_1116_1414,0.802941767
2015_1116_1417,0.599414265
2015_1116_1428,0.352653208
2015_1116_1433,0.46914731
2015_1116_1434,0.752561188
2015_1116_1437,0.196971642
2015_1116_1438,0.232419671
2015_1116_1452,0.427796436
2015_1116_1455,0.391118757
2015_1116_1458,0.15744845
2015_1116_1459,0.807009335
2015_1116_1461,0.770043771
2015_1116_1462,0.465336806
2015_1124_1125,0.939969593
2015_1124_1129,0.805916584
2015_1124_1138,0.79245583
2015_1124_1139,0.612135443
2015_1124_1140,0.704150638
2015_1124_1153,0.722209507
2015_1124_1157,0.928833889
2015_1124_1172,0.680782401
2015_1124_1173,0.739686672
2015_1124_1181,0.344731462
2015_1124_1186,0.927162265
2015_1124_1207,0.629852856
2015_1124_1208,0.714883921
2015_1124_1209,0.841007211
2015_1124_1211,0.358552551
2015_1124_1214,0.984502597
2015_1124_1217,0.843538013
2015_1124_1231,0.739714563
2015_1124_1234,0.644503545
2015_1124_1235,0.45521672
2015_1124_1242,0.457565829
2015_1124_1246,0.14799628
2015_1124_1248,0.943619571
2015_1124_1257,0.569632453
2015_1124_1261,0.756447829
2015_1124_1264,0.923663116
2015_1124_1268,0.653056104
2015_1124_1277,0.55207477
2015_1124_1279,0.753496051
2015_1124_1295,0.9257143
2015_1124_1301,0.669810479
2015_1124_1308,0.893668072
2015_1124_1314,0.474064203
2015_1124_1316,0.930558711
2015_1124_1318,0.893527242
2015_1124_1320,0.564342188
2015_1124_1323,0.48060612
2015_1124_1326,0.596668606
2015_1124_1328,0.504601012
2015_1124_1329,0.68168225
2015_1124_1332,0.726257633
2015_1124_1344,0.65119165
2015_1124_1345,0.699793131
2015_1124_1352,0.936780235
2015_1124_1361,0.722576332
2015_1124_1372,0.760268459
2015_1124_1374,0.627559112
2015_1124_1385,0.751205151
2015_1124_1400,0.585087366
2015_1124_1411,0.972149752
2015_1124_1412,0.911697921
2015_1124_1414,0.889985235
2015_1124_1417,0.73099894
2015_1124_1428,0.53180907
2015_1124_1433,0.625432839
2015_1124_1434,0.856782984
2015_1124_1437,0.305993749
2015_1124_1438,0.35694218
2015_1124_1452,0.62531228
2015_1124_1455,0.543715315
2015_1124_1458,0.258718929
2015_1124_1459,0.892372025
2015_1124_1461,0.860749499
2015_1124_1462,0.618125493
2015_1125_1129,0.218466046
2015_1125_1138,0.202033486
2015_1125_1139,0.089574592
2015_1125_1140,0.140021609
2015_1125_1153,0.157611752
2015_1125_1157,0.452772894
2015_1125_1172,0.132458227
2015_1125_1173,0.162510801
2015_1125_1181,0.033299966
2015_1125_1186,0.448914727
2015_1125_1207,0.102801952
2015_1125_1208,0.14394005
2015_1125_1209,0.279944183
2015_1125_1211,0.03778068
2015_1125_1214,0.760015349
2015_1125_1217,0.286313512
2015_1125_1231,0.165925195
2015_1125_1234,0.109314121
2015_1125_1235,0.052637007
2015_1125_1242,0.051039265
2015_1125_1246,0.015228361
2015_1125_1248,0.526777221
2015_1125_1257,0.064193059
2015_1125_1261,0.176462837
2015_1125_1264,0.436908882
2015_1125_1268,0.119373656
2015_1125_1277,0.071256618
2015_1125_1279,0.174831082
2015_1125_1295,0.445840136
2015_1125_1301,0.117920294
2015_1125_1308,0.34489669
2015_1125_1314,0.052235413
2015_1125_1316,0.450408176
2015_1125_1318,0.394352656
2015_1125_1320,0.086866511
2015_1125_1323,0.060992683
2015_1125_1326,0.079860364
2015_1125_1328,0.060448088
2015_1125_1329,0.130376312
2015_1125_1332,0.152071195
2015_1125_1344,0.112859692
2015_1125_1345,0.143823126
2015_1125_1352,0.506531256
2015_1125_1361,0.162809943
2015_1125_1372,0.191778866
2015_1125_1374,0.104214955
2015_1125_1385,0.164466232
2015_1125_1400,0.084790747
2015_1125_1411,0.659643692
2015_1125_1412,0.417300576
2015_1125_1414,0.355124402
2015_1125_1417,0.143241161
2015_1125_1428,0.07256844
2015_1125_1433,0.096428515
2015_1125_1434,0.274301688
2015_1125_1437,0.029927525
2015_1125_1438,0.039034222
2015_1125_1452,0.086241173
2015_1125_1455,0.068830269
2015_1125_1458,0.023006217
2015_1125_1459,0.381590181
2015_1125_1461,0.311227005
2015_1125_1462,0.093304545
2015_1129_1138,0.477203786
2015_1129_1139,0.285962603
2015_1129_1140,0.386359575
2015_1129_1153,0.390389033
2015_1129_1157,0.759552464
2015_1129_1172,0.353057126
2015_1129_1173,0.415226715
2015_1129_1181,0.10549044
2015_1129_1186,0.75059466
2015_1129_1207,0.305352846
2015_1129_1208,0.371781969
2015_1129_1209,0.569939384
2015_1129_1211,0.113907807
2015_1129_1214,0.920184717
2015_1129_1217,0.554017602
2015_1129_1231,0.404169831
2015_1129_1234,0.316815435
2015_1129_1235,0.171705308
2015_1129_1242,0.176799798
2015_1129_1246,0.032745133
2015_1129_1248,0.809656285
2015_1129_1257,0.239773633
2015_1129_1261,0.418889002
2015_1129_1264,0.747447821
2015_1129_1268,0.332654072
2015_1129_1277,0.237216219
2015_1129_1279,0.432495435
2015_1129_1295,0.754092731
2015_1129_1301,0.33148127
2015_1129_1308,0.663448802
2015_1129_1314,0.178238632
2015_1129_1316,0.756920648
2015_1129_1318,0.67673007
2015_1129_1320,0.23652181
2015_1129_1323,0.177974302
2015_1129_1326,0.26172254
2015_1129_1328,0.192281447
2015_1129_1329,0.350670643
2015_1129_1332,0.382202398
2015_1129_1344,0.323994249
2015_1129_1345,0.371268622
2015_1129_1352,0.794514808
2015_1129_1361,0.400525776
2015_1129_1372,0.450371444
2015_1129_1374,0.299243382
2015_1129_1385,0.401907516
2015_1129_1400,0.276148472
2015_1129_1411,0.881082972
2015_1129_1412,0.710976356
2015_1129_1414,0.659230705
2015_1129_1417,0.407860248
2015_1129_1428,0.199096485
2015_1129_1433,0.29617147
2015_1129_1434,0.594710059
2015_1129_1437,0.088452306
2015_1129_1438,0.112602949
2015_1129_1452,0.277279033
2015_1129_1455,0.212476366
2015_1129_1458,0.072594115
2015_1129_1459,0.662524256
2015_1129_1461,0.588103316
2015_1129_1462,0.292801695
2015_1138_1139,0.300980276
2015_1138_1140,0.386314195
2015_1138_1153,0.413806092
2015_1138_1157,0.778229895
2015_1138_1172,0.373109274
2015_1138_1173,0.422071441
2015_1138_1181,0.117537949
2015_1138_1186,0.766771414
2015_1138_1207,0.321985533
2015_1138_1208,0.394685631
2015_1138_1209,0.58695384
2015_1138_1211,0.127156464
2015_1138_1214,0.934005071
2015_1138_1217,0.593833262
2015_1138_1231,0.428072682
2015_1138_1234,0.333708787
2015_1138_1235,0.184838078
2015_1138_1242,0.187788109
2015_1138_1246,0.042691587
2015_1138_1248,0.829596024
2015_1138_1257,0.251578981
2015_1138_1261,0.44329862
2015_1138_1264,0.766464464
2015_1138_1268,0.353827863
2015_1138_1277,0.250065009
2015_1138_1279,0.440680005
2015_1138_1295,0.773484214
2015_1138_1301,0.352181626
2015_1138_1308,0.676849578
2015_1138_1314,0.189667306
2015_1138_1316,0.771720741
2015_1138_1318,0.69363592
2015_1138_1320,0.253688596
2015_1138_1323,0.195847061
2015_1138_1326,0.275354278
2015_1138_1328,0.205554256
2015_1138_1329,0.372676448
2015_1138_1332,0.40507032
2015_1138_1344,0.343197909
2015_1138_1345,0.393268561
2015_1138_1352,0.811901892
2015_1138_1361,0.42249805
2015_1138_1372,0.458682231
2015_1138_1374,0.315827015
2015_1138_1385,0.426136999
2015_1138_1400,0.285190974
2015_1138_1411,0.897214415
2015_1138_1412,0.726098943
2015_1138_1414,0.672787896
2015_1138_1417,0.393391374
2015_1138_1428,0.218902033
2015_1138_1433,0.314361094
2015_1138_1434,0.611746815
2015_1138_1437,0.107470376
2015_1138_1438,0.12854431
2015_1138_1452,0.291294313
2015_1138_1455,0.226401345
2015_1138_1458,0.089329421
2015_1138_1459,0.676341292
2015_1138_1461,0.620547923
2015_1138_1462,0.308607916
2015_1139_1140,0.608619021
2015_1139_1153,0.621737936
2015_1139_1157,0.899114212
2015_1139_1172,0.583709353
2015_1139_1173,0.638410502
2015_1139_1181,0.253848502
2015_1139_1186,0.891417037
2015_1139_1207,0.54082094
2015_1139_1208,0.612216765
2015_1139_1209,0.760571725
2015_1139_1211,0.265970601
2015_1139_1214,0.976326071
2015_1139_1217,0.771568286
2015_1139_1231,0.638566265
2015_1139_1234,0.547662488
2015_1139_1235,0.357731066
2015_1139_1242,0.362055838
2015_1139_1246,0.107051742
2015_1139_1248,0.920949307
2015_1139_1257,0.43062529
2015_1139_1261,0.65644362
2015_1139_1264,0.891043861
2015_1139_1268,0.566017774
2015_1139_1277,0.431104453
2015_1139_1279,0.65281841
2015_1139_1295,0.896156602
2015_1139_1301,0.565122609
2015_1139_1308,0.834379573
2015_1139_1314,0.363982206
2015_1139_1316,0.894940414
2015_1139_1318,0.840391677
2015_1139_1320,0.442768978
2015_1139_1323,0.368550053
2015_1139_1326,0.49959312
2015_1139_1328,0.384737316
2015_1139_1329,0.579415237
2015_1139_1332,0.625078824
2015_1139_1344,0.559211348
2015_1139_1345,0.596808366
2015_1139_1352,0.914791425
2015_1139_1361,0.62411778
2015_1139_1372,0.668557928
2015_1139_1374,0.536038201
2015_1139_1385,0.648976959
2015_1139_1400,0.491768313
2015_1139_1411,0.958553025
2015_1139_1412,0.863903137
2015_1139_1414,0.831253552
2015_1139_1417,0.629798842
2015_1139_1428,0.421346867
2015_1139_1433,0.522491093
2015_1139_1434,0.779431828
2015_1139_1437,0.230084395
2015_1139_1438,0.269220303
2015_1139_1452,0.496176795
2015_1139_1455,0.4191281
2015_1139_1458,0.190564628
2015_1139_1459,0.83428142
2015_1139_1461,0.797341115
2015_1139_1462,0.516346682
2015_1140_1153,0.50549755
2015_1140_1157,0.840821702
2015_1140_1172,0.466644354
2015_1140_1173,0.514479235
2015_1140_1181,0.17605184
2015_1140_1186,0.833133361
2015_1140_1207,0.415887578
2015_1140_1208,0.485990427
2015_1140_1209,0.682748434
2015_1140_1211,0.191542417
2015_1140_1214,0.952241634
2015_1140_1217,0.690858554
2015_1140_1231,0.546800203
2015_1140_1234,0.425652186
2015_1140_1235,0.268364471
2015_1140_1242,0.274167575
2015_1140_1246,0.06240551
2015_1140_1248,0.870718418
2015_1140_1257,0.337706689
2015_1140_1261,0.56148211
2015_1140_1264,0.831743828
2015_1140_1268,0.44320477
2015_1140_1277,0.342452157
2015_1140_1279,0.566037904
2015_1140_1295,0.837565394
2015_1140_1301,0.441359922
2015_1140_1308,0.76536919
2015_1140_1314,0.274483936
2015_1140_1316,0.836354656
2015_1140_1318,0.772613338
2015_1140_1320,0.347796765
2015_1140_1323,0.275900532
2015_1140_1326,0.36474421
2015_1140_1328,0.292154376
2015_1140_1329,0.462629187
2015_1140_1332,0.496210602
2015_1140_1344,0.434073875
2015_1140_1345,0.486491934
2015_1140_1352,0.85987017
2015_1140_1361,0.526832848
2015_1140_1372,0.568896876
2015_1140_1374,0.413149516
2015_1140_1385,0.530584866
2015_1140_1400,0.376328719
2015_1140_1411,0.924804185
2015_1140_1412,0.800940605
2015_1140_1414,0.759437788
2015_1140_1417,0.484445947
2015_1140_1428,0.300966503
2015_1140_1433,0.401657588
2015_1140_1434,0.704425075
2015_1140_1437,0.154805715
2015_1140_1438,0.187557906
2015_1140_1452,0.376470543
2015_1140_1455,0.318297884
2015_1140_1458,0.121098162
2015_1140_1459,0.763546656
2015_1140_1461,0.718438987
2015_1140_1462,0.399521481
2015_1153_1157,0.828084253
2015_1153_1172,0.442728885
2015_1153_1173,0.523145388
2015_1153_1181,0.169531426
2015_1153_1186,0.818342018
2015_1153_1207,0.403558496
2015_1153_1208,0.49670724
2015_1153_1209,0.652333711
2015_1153_1211,0.178945183
2015_1153_1214,0.952464196
2015_1153_1217,0.662825691
2015_1153_1231,0.5223979
2015_1153_1234,0.440148092
2015_1153_1235,0.25075486
2015_1153_1242,0.254914838
2015_1153_1246,0.064127421
2015_1153_1248,0.869117842
2015_1153_1257,0.325938401
2015_1153_1261,0.542181206
2015_1153_1264,0.816757422
2015_1153_1268,0.43035792
2015_1153_1277,0.32649527
2015_1153_1279,0.541156979
2015_1153_1295,0.822940929
2015_1153_1301,0.428514121
2015_1153_1308,0.741508312
2015_1153_1314,0.257715619
2015_1153_1316,0.825728932
2015_1153_1318,0.753012671
2015_1153_1320,0.328109178
2015_1153_1323,0.261185361
2015_1153_1326,0.361030377
2015_1153_1328,0.275928429
2015_1153_1329,0.440902159
2015_1153_1332,0.485272807
2015_1153_1344,0.422141924
2015_1153_1345,0.4544373
2015_1153_1352,0.860995335
2015_1153_1361,0.526656187
2015_1153_1372,0.558581737
2015_1153_1374,0.3998389
2015_1153_1385,0.536611363
2015_1153_1400,0.354539637
2015_1153_1411,0.924784766
2015_1153_1412,0.783023607
2015_1153_1414,0.739099249
2015_1153_1417,0.489929505
2015_1153_1428,0.287179089
2015_1153_1433,0.388797923
2015_1153_1434,0.675744465
2015_1153_1437,0.14626159
2015_1153_1438,0.180892261
2015_1153_1452,0.367527753
2015_1153_1455,0.299556733
2015_1153_1458,0.124849831
2015_1153_1459,0.74150387
2015_1153_1461,0.697848879
2015_1153_1462,0.386677025
2015_1157_1172,0.145520084
2015_1157_1173,0.177934667
2015_1157_1181,0.042599348
2015_1157_1186,0.48374574
2015_1157_1207,0.120497655
2015_1157_1208,0.160657104
2015_1157_1209,0.30022556
2015_1157_1211,0.042907935
2015_1157_1214,0.78803274
2015_1157_1217,0.304366865
2015_1157_1231,0.184514156
2015_1157_1234,0.129499163
2015_1157_1235,0.064259556
2015_1157_1242,0.059601923
2015_1157_1246,0.014207763
2015_1157_1248,0.605470537
2015_1157_1257,0.077748063
2015_1157_1261,0.195823125
2015_1157_1264,0.486889976
2015_1157_1268,0.131248259
2015_1157_1277,0.084757902
2015_1157_1279,0.194732786
2015_1157_1295,0.509071299
2015_1157_1301,0.131545818
2015_1157_1308,0.375460301
2015_1157_1314,0.064601539
2015_1157_1316,0.504809705
2015_1157_1318,0.416253686
2015_1157_1320,0.095293126
2015_1157_1323,0.073317452
2015_1157_1326,0.097213934
2015_1157_1328,0.074506052
2015_1157_1329,0.148459227
2015_1157_1332,0.165415493
2015_1157_1344,0.130183466
2015_1157_1345,0.161232668
2015_1157_1352,0.553169324
2015_1157_1361,0.179349132
2015_1157_1372,0.207130766
2015_1157_1374,0.117777055
2015_1157_1385,0.181904318
2015_1157_1400,0.101704574
2015_1157_1411,0.703409445
2015_1157_1412,0.440035437
2015_1157_1414,0.374758023
2015_1157_1417,0.159688047
2015_1157_1428,0.088184958
2015_1157_1433,0.108520271
2015_1157_1434,0.296183953
2015_1157_1437,0.036478163
2015_1157_1438,0.049085071
2015_1157_1452,0.105246894
2015_1157_1455,0.079838349
2015_1157_1458,0.031488637
2015_1157_1459,0.401729057
2015_1157_1461,0.330320358
2015_1157_1462,0.106645405
2015_1172_1173,0.559635762
2015_1172_1181,0.196796255
2015_1172_1186,0.845253931
2015_1172_1207,0.455412655
2015_1172_1208,0.537626542
2015_1172_1209,0.693652404
2015_1172_1211,0.20656382
2015_1172_1214,0.959433272
2015_1172_1217,0.70497228
2015_1172_1231,0.562522172
2015_1172_1234,0.47813395
2015_1172_1235,0.290976687
2015_1172_1242,0.295252601
2015_1172_1246,0.073887798
2015_1172_1248,0.883835633
2015_1172_1257,0.362826064
2015_1172_1261,0.586936945
2015_1172_1264,0.843940575
2015_1172_1268,0.468856683
2015_1172_1277,0.367283981
2015_1172_1279,0.579436961
2015_1172_1295,0.84960849
2015_1172_1301,0.467373075
2015_1172_1308,0.778129596
2015_1172_1314,0.29803056
2015_1172_1316,0.851908763
2015_1172_1318,0.782663796
2015_1172_1320,0.370983518
2015_1172_1323,0.299660779
2015_1172_1326,0.400030522
2015_1172_1328,0.317358388
2015_1172_1329,0.514055074
2015_1172_1332,0.548025324
2015_1172_1344,0.486031552
2015_1172_1345,0.538007129
2015_1172_1352,0.877429214
2015_1172_1361,0.565638838
2015_1172_1372,0.596719479
2015_1172_1374,0.439318309
2015_1172_1385,0.569037601
2015_1172_1400,0.393680218
2015_1172_1411,0.934770589
2015_1172_1412,0.811402668
2015_1172_1414,0.774507234
2015_1172_1417,0.553895861
2015_1172_1428,0.326805003
2015_1172_1433,0.429394252
2015_1172_1434,0.716657956
2015_1172_1437,0.17229398
2015_1172_1438,0.209487404
2015_1172_1452,0.404540606
2015_1172_1455,0.341772477
2015_1172_1458,0.140221406
2015_1172_1459,0.777709818
2015_1172_1461,0.732788102
2015_1172_1462,0.425317878
2015_1173_1181,0.158229332
2015_1173_1186,0.812638798
2015_1173_1207,0.385371023
2015_1173_1208,0.457466755
2015_1173_1209,0.642023597
2015_1173_1211,0.167905378
2015_1173_1214,0.951904686
2015_1173_1217,0.652234207
2015_1173_1231,0.516706991
2015_1173_1234,0.396962385
2015_1173_1235,0.235596411
2015_1173_1242,0.238144844
2015_1173_1246,0.061046407
2015_1173_1248,0.868292299
2015_1173_1257,0.3084156
2015_1173_1261,0.53165465
2015_1173_1264,0.811270916
2015_1173_1268,0.414598167
2015_1173_1277,0.308780752
2015_1173_1279,0.533010065
2015_1173_1295,0.817112788
2015_1173_1301,0.412655704
2015_1173_1308,0.730868038
2015_1173_1314,0.240673671
2015_1173_1316,0.817759021
2015_1173_1318,0.745349094
2015_1173_1320,0.310577222
2015_1173_1323,0.246870397
2015_1173_1326,0.33542548
2015_1173_1328,0.258571447
2015_1173_1329,0.434618133
2015_1173_1332,0.467887324
2015_1173_1344,0.406083334
2015_1173_1345,0.455531434
2015_1173_1352,0.853951278
2015_1173_1361,0.511135134
2015_1173_1372,0.537343037
2015_1173_1374,0.379313475
2015_1173_1385,0.514142475
2015_1173_1400,0.342940968
2015_1173_1411,0.923883299
2015_1173_1412,0.775179456
2015_1173_1414,0.728268248
2015_1173_1417,0.481622865
2015_1173_1428,0.272000061
2015_1173_1433,0.375641668
2015_1173_1434,0.66538833
2015_1173_1437,0.140925374
2015_1173_1438,0.169142981
2015_1173_1452,0.350828589
2015_1173_1455,0.282196698
2015_1173_1458,0.119821747
2015_1173_1459,0.730872672
2015_1173_1461,0.688170395
2015_1173_1462,0.370308278
2015_1181_1186,0.956533504
2015_1181_1207,0.764050148
2015_1181_1208,0.824863834
2015_1181_1209,0.911238229
2015_1181_1211,0.506114577
2015_1181_1214,0.986666698
2015_1181_1217,0.905711264
2015_1181_1231,0.842463406
2015_1181_1234,0.775962124
2015_1181_1235,0.625002132
2015_1181_1242,0.626545744
2015_1181_1246,0.267317476
2015_1181_1248,0.967732545
2015_1181_1257,0.707754442
2015_1181_1261,0.856124778
2015_1181_1264,0.954587778
2015_1181_1268,0.775464828
2015_1181_1277,0.694715408
2015_1181_1279,0.855322409
2015_1181_1295,0.955854453
2015_1181_1301,0.785660321
2015_1181_1308,0.936871441
2015_1181_1314,0.635686001
2015_1181_1316,0.957777717
2015_1181_1318,0.93519833
2015_1181_1320,0.694686987
2015_1181_1323,0.627036275
2015_1181_1326,0.735073073
2015_1181_1328,0.65139337
2015_1181_1329,0.800230019
2015_1181_1332,0.830396968
2015_1181_1344,0.779011068
2015_1181_1345,0.809047442
2015_1181_1352,0.961504389
2015_1181_1361,0.834460142
2015_1181_1372,0.860817284
2015_1181_1374,0.761786385
2015_1181_1385,0.850878821
2015_1181_1400,0.726438334
2015_1181_1411,0.98485089
2015_1181_1412,0.947121942
2015_1181_1414,0.931201958
2015_1181_1417,0.835628454
2015_1181_1428,0.662335348
2015_1181_1433,0.75333206
2015_1181_1434,0.922930926
2015_1181_1437,0.461879842
2015_1181_1438,0.530404127
2015_1181_1452,0.760760115
2015_1181_1455,0.679301711
2015_1181_1458,0.386224411
2015_1181_1459,0.934360042
2015_1181_1461,0.910451791
2015_1181_1462,0.75232556
2015_1186_1207,0.125956834
2015_1186_1208,0.16903392
2015_1186_1209,0.30407813
2015_1186_1211,0.04463419
2015_1186_1214,0.800929705
2015_1186_1217,0.313177706
2015_1186_1231,0.19386473
2015_1186_1234,0.135671562
2015_1186_1235,0.065184441
2015_1186_1242,0.061490232
2015_1186_1246,0.014816215
2015_1186_1248,0.604850924
2015_1186_1257,0.083064314
2015_1186_1261,0.204830065
2015_1186_1264,0.487469493
2015_1186_1268,0.139967023
2015_1186_1277,0.086287777
2015_1186_1279,0.203538246
2015_1186_1295,0.508836434
2015_1186_1301,0.13930781
2015_1186_1308,0.396127489
2015_1186_1314,0.065304593
2015_1186_1316,0.501069454
2015_1186_1318,0.407834876
2015_1186_1320,0.099179081
2015_1186_1323,0.074970247
2015_1186_1326,0.099857129
2015_1186_1328,0.075113544
2015_1186_1329,0.155515184
2015_1186_1332,0.174526347
2015_1186_1344,0.137345865
2015_1186_1345,0.170898785
2015_1186_1352,0.570537087
2015_1186_1361,0.188831193
2015_1186_1372,0.216990152
2015_1186_1374,0.12107125
2015_1186_1385,0.190655154
2015_1186_1400,0.104667494
2015_1186_1411,0.708234108
2015_1186_1412,0.443013821
2015_1186_1414,0.391468371
2015_1186_1417,0.167813307
2015_1186_1428,0.089551157
2015_1186_1433,0.115749563
2015_1186_1434,0.326719385
2015_1186_1437,0.037616015
2015_1186_1438,0.049856057
2015_1186_1452,0.110951082
2015_1186_1455,0.082049486
2015_1186_1458,0.031640711
2015_1186_1459,0.418202436
2015_1186_1461,0.344716985
2015_1186_1462,0.114200605
2015_1207_1208,0.587748814
2015_1207_1209,0.743339262
2015_1207_1211,0.253085933
2015_1207_1214,0.96671101
2015_1207_1217,0.748853938
2015_1207_1231,0.616142624
2015_1207_1234,0.522079605
2015_1207_1235,0.339602342
2015_1207_1242,0.345742837
2015_1207_1246,0.0938697
2015_1207_1248,0.901609157
2015_1207_1257,0.409388544
2015_1207_1261,0.635303756
2015_1207_1264,0.872748769
2015_1207_1268,0.497518738
2015_1207_1277,0.404785691
2015_1207_1279,0.632075071
2015_1207_1295,0.875693984
2015_1207_1301,0.514667193
2015_1207_1308,0.815185447
2015_1207_1314,0.351935082
2015_1207_1316,0.875476565
2015_1207_1318,0.822534087
2015_1207_1320,0.416356941
2015_1207_1323,0.350022897
2015_1207_1326,0.447993034
2015_1207_1328,0.364395906
2015_1207_1329,0.555240684
2015_1207_1332,0.599957261
2015_1207_1344,0.522971786
2015_1207_1345,0.573228068
2015_1207_1352,0.891134851
2015_1207_1361,0.599225103
2015_1207_1372,0.641909921
2015_1207_1374,0.481238199
2015_1207_1385,0.625773281
2015_1207_1400,0.439480519
2015_1207_1411,0.944979456
2015_1207_1412,0.846892677
2015_1207_1414,0.808090395
2015_1207_1417,0.605076961
2015_1207_1428,0.377371054
2015_1207_1433,0.471109597
2015_1207_1434,0.761540099
2015_1207_1437,0.214846504
2015_1207_1438,0.248130949
2015_1207_1452,0.477214469
2015_1207_1455,0.396023032
2015_1207_1458,0.171192974
2015_1207_1459,0.812016272
2015_1207_1461,0.772618476
2015_1207_1462,0.464713559
2015_1208_1209,0.67008631
2015_1208_1211,0.187928066
2015_1208_1214,0.957414801
2015_1208_1217,0.679800484
2015_1208_1231,0.542028302
2015_1208_1234,0.42309381
2015_1208_1235,0.257042688
2015_1208_1242,0.262205085
2015_1208_1246,0.069304259
2015_1208_1248,0.880470226
2015_1208_1257,0.332606864
2015_1208_1261,0.559996986
2015_1208_1264,0.829762516
2015_1208_1268,0.440460272
2015_1208_1277,0.333612212
2015_1208_1279,0.558343227
2015_1208_1295,0.835522802
2015_1208_1301,0.438422954
2015_1208_1308,0.755723665
2015_1208_1314,0.263307894
2015_1208_1316,0.834999535
2015_1208_1318,0.769906641
2015_1208_1320,0.337218148
2015_1208_1323,0.268948794
2015_1208_1326,0.377124327
2015_1208_1328,0.2821379
2015_1208_1329,0.459780374
2015_1208_1332,0.493957117
2015_1208_1344,0.431340514
2015_1208_1345,0.481424095
2015_1208_1352,0.868016079
2015_1208_1361,0.537123811
2015_1208_1372,0.576442462
2015_1208_1374,0.406712404
2015_1208_1385,0.540195042
2015_1208_1400,0.369295124
2015_1208_1411,0.931612392
2015_1208_1412,0.798396683
2015_1208_1414,0.752052114
2015_1208_1417,0.509784334
2015_1208_1428,0.294673725
2015_1208_1433,0.39829371
2015_1208_1434,0.691983866
2015_1208_1437,0.155113986
2015_1208_1438,0.187287978
2015_1208_1452,0.373325149
2015_1208_1455,0.307643147
2015_1208_1458,0.130689592
2015_1208_1459,0.755341941
2015_1208_1461,0.714953537
2015_1208_1462,0.396475679
2015_1209_1211,0.098579941
2015_1209_1214,0.90207053
2015_1209_1217,0.502380027
2015_1209_1231,0.364329711
2015_1209_1234,0.267592938
2015_1209_1235,0.140695056
2015_1209_1242,0.143134148
2015_1209_1246,0.029733703
2015_1209_1248,0.761134116
2015_1209_1257,0.193692582
2015_1209_1261,0.378568671
2015_1209_1264,0.685012127
2015_1209_1268,0.290437078
2015_1209_1277,0.192753234
2015_1209_1279,0.374175376
2015_1209_1295,0.693876329
2015_1209_1301,0.29022827
2015_1209_1308,0.585265906
2015_1209_1314,0.143664532
2015_1209_1316,0.691083717
2015_1209_1318,0.640222419
2015_1209_1320,0.202841261
2015_1209_1323,0.149922584
2015_1209_1326,0.214025688
2015_1209_1328,0.157073448
2015_1209_1329,0.308873307
2015_1209_1332,0.341875037
2015_1209_1344,0.277121963
2015_1209_1345,0.331837229
2015_1209_1352,0.745327026
2015_1209_1361,0.353323641
2015_1209_1372,0.390391201
2015_1209_1374,0.251756803
2015_1209_1385,0.361219683
2015_1209_1400,0.222606501
2015_1209_1411,0.844383395
2015_1209_1412,0.663300525
2015_1209_1414,0.596530028
2015_1209_1417,0.329344033
2015_1209_1428,0.169348162
2015_1209_1433,0.252903414
2015_1209_1434,0.523265816
2015_1209_1437,0.082936003
2015_1209_1438,0.099594052
2015_1209_1452,0.229413517
2015_1209_1455,0.175612026
2015_1209_1458,0.06712635
2015_1209_1459,0.620817406
2015_1209_1461,0.524441907
2015_1209_1462,0.245588714
2015_1211_1214,0.984572696
2015_1211_1217,0.899388121
2015_1211_1231,0.828006713
2015_1211_1234,0.756386343
2015_1211_1235,0.610491781
2015_1211_1242,0.613603415
2015_1211_1246,0.239662463
2015_1211_1248,0.967784933
2015_1211_1257,0.695301116
2015_1211_1261,0.842101844
2015_1211_1264,0.952416097
2015_1211_1268,0.762065949
2015_1211_1277,0.678999234
2015_1211_1279,0.841016104
2015_1211_1295,0.953899655
2015_1211_1301,0.775018405
2015_1211_1308,0.933222976
2015_1211_1314,0.622832605
2015_1211_1316,0.959183414
2015_1211_1318,0.926851049
2015_1211_1320,0.686303287
2015_1211_1323,0.614801473
2015_1211_1326,0.717924771
2015_1211_1328,0.635874152
2015_1211_1329,0.782692411
2015_1211_1332,0.824219745
2015_1211_1344,0.761541851
2015_1211_1345,0.791456466
2015_1211_1352,0.964427271
2015_1211_1361,0.821278051
2015_1211_1372,0.857213994
2015_1211_1374,0.749247064
2015_1211_1385,0.841710417
2015_1211_1400,0.708352322
2015_1211_1411,0.982855567
2015_1211_1412,0.941518707
2015_1211_1414,0.929722227
2015_1211_1417,0.827341301
2015_1211_1428,0.645617697
2015_1211_1433,0.739957674
2015_1211_1434,0.91696033
2015_1211_1437,0.434539187
2015_1211_1438,0.508428128
2015_1211_1452,0.743630217
2015_1211_1455,0.666860481
2015_1211_1458,0.396137766
2015_1211_1459,0.932022833
2015_1211_1461,0.905284005
2015_1211_1462,0.737502269
2015_1214_1217,0.095121298
2015_1214_1231,0.050445696
2015_1214_1234,0.037564228
2015_1214_1235,0.014144078
2015_1214_1242,0.015168328
2015_1214_1246,0.012876653
2015_1214_1248,0.303337234
2015_1214_1257,0.016992844
2015_1214_1261,0.056105005
2015_1214_1264,0.200236027
2015_1214_1268,0.031637184
2015_1214_1277,0.019019206
2015_1214_1279,0.057318029
2015_1214_1295,0.22177231
2015_1214_1301,0.030764371
2015_1214_1308,0.135251638
2015_1214_1314,0.014304247
2015_1214_1316,0.215966572
2015_1214_1318,0.1589447
2015_1214_1320,0.022289049
2015_1214_1323,0.016756901
2015_1214_1326,0.024824444
2015_1214_1328,0.016258108
2015_1214_1329,0.038359527
2015_1214_1332,0.043128022
2015_1214_1344,0.034853511
2015_1214_1345,0.039518647
2015_1214_1352,0.268072135
2015_1214_1361,0.05238393
2015_1214_1372,0.064807039
2015_1214_1374,0.031438566
2015_1214_1385,0.05018306
2015_1214_1400,0.026578733
2015_1214_1411,0.399953154
2015_1214_1412,0.174299356
2015_1214_1414,0.134658403
2015_1214_1417,0.041321453
2015_1214_1428,0.021147754
2015_1214_1433,0.024271467
2015_1214_1434,0.097539646
2015_1214_1437,0.013954411
2015_1214_1438,0.013907752
2015_1214_1452,0.027808295
2015_1214_1455,0.017383848
2015_1214_1458,0.012758744
2015_1214_1459,0.153434031
2015_1214_1461,0.107689524
2015_1214_1462,0.026107185
2015_1217_1231,0.356002115
2015_1217_1234,0.2625408
2015_1217_1235,0.138456243
2015_1217_1242,0.138410338
2015_1217_1246,0.032819399
2015_1217_1248,0.765037567
2015_1217_1257,0.186402776
2015_1217_1261,0.369863318
2015_1217_1264,0.680321106
2015_1217_1268,0.279077214
2015_1217_1277,0.188240956
2015_1217_1279,0.365630653
2015_1217_1295,0.690406638
2015_1217_1301,0.279610306
2015_1217_1308,0.585594383
2015_1217_1314,0.142293865
2015_1217_1316,0.687499125
2015_1217_1318,0.596192451
2015_1217_1320,0.197191188
2015_1217_1323,0.147998279
2015_1217_1326,0.210454743
2015_1217_1328,0.157204195
2015_1217_1329,0.300440167
2015_1217_1332,0.33100873
2015_1217_1344,0.268909966
2015_1217_1345,0.324940026
2015_1217_1352,0.74799498
2015_1217_1361,0.343517434
2015_1217_1372,0.379785546
2015_1217_1374,0.245176899
2015_1217_1385,0.352060228
2015_1217_1400,0.218698092
2015_1217_1411,0.845601646
2015_1217_1412,0.63166228
2015_1217_1414,0.590827613
2015_1217_1417,0.320081322
2015_1217_1428,0.169771689
2015_1217_1433,0.241475203
2015_1217_1434,0.518250124
2015_1217_1437,0.086300238
2015_1217_1438,0.105613487
2015_1217_1452,0.224655918
2015_1217_1455,0.172805118
2015_1217_1458,0.072921221
2015_1217_1459,0.616283677
2015_1217_1461,0.528590848
2015_1217_1462,0.235927574
2015_1231_1234,0.396708426
2015_1231_1235,0.234567328
2015_1231_1242,0.23876062
2015_1231_1246,0.062400642
2015_1231_1248,0.863256884
2015_1231_1257,0.30606814
2015_1231_1261,0.532371005
2015_1231_1264,0.805672327
2015_1231_1268,0.417935383
2015_1231_1277,0.30866799
2015_1231_1279,0.52676645
2015_1231_1295,0.81151016
2015_1231_1301,0.413781232
2015_1231_1308,0.723246434
2015_1231_1314,0.238396388
2015_1231_1316,0.809069333
2015_1231_1318,0.739764421
2015_1231_1320,0.312615945
2015_1231_1323,0.246918428
2015_1231_1326,0.339348422
2015_1231_1328,0.256082245
2015_1231_1329,0.434687711
2015_1231_1332,0.468560971
2015_1231_1344,0.40551748
2015_1231_1345,0.458195395
2015_1231_1352,0.845816772
2015_1231_1361,0.486653174
2015_1231_1372,0.530804831
2015_1231_1374,0.379278405
2015_1231_1385,0.489746598
2015_1231_1400,0.333590081
2015_1231_1411,0.920654158
2015_1231_1412,0.770011266
2015_1231_1414,0.718726805
2015_1231_1417,0.47579096
2015_1231_1428,0.271447417
2015_1231_1433,0.374452838
2015_1231_1434,0.658915106
2015_1231_1437,0.145227278
2015_1231_1438,0.168710915
2015_1231_1452,0.345951436
2015_1231_1455,0.282207731
2015_1231_1458,0.121013159
2015_1231_1459,0.722319738
2015_1231_1461,0.680260654
2015_1231_1462,0.369656087
2015_1234_1235,0.325605608
2015_1234_1242,0.333145501
2015_1234_1246,0.089486355
2015_1234_1248,0.893807561
2015_1234_1257,0.395967466
2015_1234_1261,0.624237916
2015_1234_1264,0.863644614
2015_1234_1268,0.506207803
2015_1234_1277,0.404197397
2015_1234_1279,0.621103033
2015_1234_1295,0.867743744
2015_1234_1301,0.504455954
2015_1234_1308,0.804872884
2015_1234_1314,0.330662565
2015_1234_1316,0.864132881
2015_1234_1318,0.814088869
2015_1234_1320,0.409108743
2015_1234_1323,0.335250557
2015_1234_1326,0.43662119
2015_1234_1328,0.349440472
2015_1234_1329,0.520136359
2015_1234_1332,0.562821142
2015_1234_1344,0.495713898
2015_1234_1345,0.535740635
2015_1234_1352,0.881336463
2015_1234_1361,0.589360099
2015_1234_1372,0.629268711
2015_1234_1374,0.474396383
2015_1234_1385,0.615921368
2015_1234_1400,0.430324391
2015_1234_1411,0.938870171
2015_1234_1412,0.838263206
2015_1234_1414,0.796459336
2015_1234_1417,0.568297084
2015_1234_1428,0.360568867
2015_1234_1433,0.4624374
2015_1234_1434,0.749234985
2015_1234_1437,0.203874349
2015_1234_1438,0.237221456
2015_1234_1452,0.433059946
2015_1234_1455,0.38696873
2015_1234_1458,0.163028966
2015_1234_1459,0.801322843
2015_1234_1461,0.761843218
2015_1234_1462,0.460714163
2015_1235_1242,0.486962168
2015_1235_1246,0.167871313
2015_1235_1248,0.949604338
2015_1235_1257,0.600870154
2015_1235_1261,0.781410558
2015_1235_1264,0.931516572
2015_1235_1268,0.682788261
2015_1235_1277,0.581712815
2015_1235_1279,0.779306949
2015_1235_1295,0.93314989
2015_1235_1301,0.699276776
2015_1235_1308,0.908658328
2015_1235_1314,0.528470189
2015_1235_1316,0.936791426
2015_1235_1318,0.905247154
2015_1235_1320,0.59173381
2015_1235_1323,0.526155538
2015_1235_1326,0.627257105
2015_1235_1328,0.534128766
2015_1235_1329,0.711782491
2015_1235_1332,0.751567638
2015_1235_1344,0.681130213
2015_1235_1345,0.727476098
2015_1235_1352,0.942228502
2015_1235_1361,0.750075909
2015_1235_1372,0.784540286
2015_1235_1374,0.656867879
2015_1235_1385,0.775436954
2015_1235_1400,0.615704132
2015_1235_1411,0.975131574
2015_1235_1412,0.92130216
2015_1235_1414,0.901492912
2015_1235_1417,0.756673057
2015_1235_1428,0.56100169
2015_1235_1433,0.655895413
2015_1235_1434,0.872929656
2015_1235_1437,0.335902528
2015_1235_1438,0.387742798
2015_1235_1452,0.656184677
2015_1235_1455,0.572189089
2015_1235_1458,0.284769813
2015_1235_1459,0.905209304
2015_1235_1461,0.873681953
2015_1235_1462,0.648577911
2015_1242_1246,0.168559965
2015_1242_1248,0.953400959
2015_1242_1257,0.596096488
2015_1242_1261,0.776902714
2015_1242_1264,0.935558065
2015_1242_1268,0.678385613
2015_1242_1277,0.578226917
2015_1242_1279,0.773264187
2015_1242_1295,0.937202402
2015_1242_1301,0.695141821
2015_1242_1308,0.907940816
2015_1242_1314,0.525747802
2015_1242_1316,0.942068372
2015_1242_1318,0.906759218
2015_1242_1320,0.591366799
2015_1242_1323,0.523820646
2015_1242_1326,0.621635462
2015_1242_1328,0.538332132
2015_1242_1329,0.704707505
2015_1242_1332,0.750012737
2015_1242_1344,0.674771388
2015_1242_1345,0.723045114
2015_1242_1352,0.948180321
2015_1242_1361,0.744568076
2015_1242_1372,0.781867894
2015_1242_1374,0.65255507
2015_1242_1385,0.772981515
2015_1242_1400,0.609777365
2015_1242_1411,0.978454991
2015_1242_1412,0.923421598
2015_1242_1414,0.905539739
2015_1242_1417,0.7542615
2015_1242_1428,0.557470744
2015_1242_1433,0.651459189
2015_1242_1434,0.872337187
2015_1242_1437,0.334041455
2015_1242_1438,0.386086841
2015_1242_1452,0.649653979
2015_1242_1455,0.570370028
2015_1242_1458,0.286516913
2015_1242_1459,0.907583431
2015_1242_1461,0.878621115
2015_1242_1462,0.643830213
2015_1246_1248,0.986420399
2015_1246_1257,0.872527783
2015_1246_1261,0.944618691
2015_1246_1264,0.985071574
2015_1246_1268,0.905119625
2015_1246_1277,0.869274921
2015_1246_1279,0.945939336
2015_1246_1295,0.985269659
2015_1246_1301,0.910631271
2015_1246_1308,0.981540718
2015_1246_1314,0.839191624
2015_1246_1316,0.986089416
2015_1246_1318,0.980900235
2015_1246_1320,0.87869766
2015_1246_1323,0.83767743
2015_1246_1326,0.889821184
2015_1246_1328,0.848080318
2015_1246_1329,0.916652288
2015_1246_1332,0.933428509
2015_1246_1344,0.909969799
2015_1246_1345,0.916789231
2015_1246_1352,0.986685681
2015_1246_1361,0.939550648
2015_1246_1372,0.952265703
2015_1246_1374,0.909792469
2015_1246_1385,0.94383445
2015_1246_1400,0.883600539
2015_1246_1411,0.987043799
2015_1246_1412,0.983166465
2015_1246_1414,0.978881055
2015_1246_1417,0.936401534
2015_1246_1428,0.859038645
2015_1246_1433,0.893339061
2015_1246_1434,0.975195077
2015_1246_1437,0.695781576
2015_1246_1438,0.759885591
2015_1246_1452,0.900999648
2015_1246_1455,0.868123776
2015_1246_1458,0.642958617
2015_1246_1459,0.980329195
2015_1246_1461,0.969606698
2015_1246_1462,0.896751828
2015_1248_1257,0.061866282
2015_1248_1261,0.147308629
2015_1248_1264,0.378879681
2015_1248_1268,0.097323613
2015_1248_1277,0.067403709
2015_1248_1279,0.148568167
2015_1248_1295,0.424187172
2015_1248_1301,0.094906707
2015_1248_1308,0.298667018
2015_1248_1314,0.050966348
2015_1248_1316,0.387661316
2015_1248_1318,0.337910988
2015_1248_1320,0.076446414
2015_1248_1323,0.058013469
2015_1248_1326,0.078907451
2015_1248_1328,0.059357668
2015_1248_1329,0.109049806
2015_1248_1332,0.121638821
2015_1248_1344,0.102140036
2015_1248_1345,0.116520619
2015_1248_1352,0.450625908
2015_1248_1361,0.140380952
2015_1248_1372,0.164279907
2015_1248_1374,0.09612961
2015_1248_1385,0.135338972
2015_1248_1400,0.082927389
2015_1248_1411,0.632597087
2015_1248_1412,0.360948639
2015_1248_1414,0.296915381
2015_1248_1417,0.116935765
2015_1248_1428,0.070873532
2015_1248_1433,0.079739964
2015_1248_1434,0.235752426
2015_1248_1437,0.026932075
2015_1248_1438,0.037689843
2015_1248_1452,0.083908606
2015_1248_1455,0.063412618
2015_1248_1458,0.023411152
2015_1248_1459,0.32294897
2015_1248_1461,0.254143867
2015_1248_1462,0.084126838
2015_1257_1261,0.710626529
2015_1257_1264,0.917524264
2015_1257_1268,0.60572321
2015_1257_1277,0.513238108
2015_1257_1279,0.707089305
2015_1257_1295,0.919767267
2015_1257_1301,0.619401585
2015_1257_1308,0.867694524
2015_1257_1314,0.430935778
2015_1257_1316,0.916489188
2015_1257_1318,0.876906453
2015_1257_1320,0.509769269
2015_1257_1323,0.413001221
2015_1257_1326,0.556886527
2015_1257_1328,0.438055397
2015_1257_1329,0.637044103
2015_1257_1332,0.67751972
2015_1257_1344,0.607818582
2015_1257_1345,0.655091525
2015_1257_1352,0.930277587
2015_1257_1361,0.677110246
2015_1257_1372,0.713045701
2015_1257_1374,0.588913716
2015_1257_1385,0.703324216
2015_1257_1400,0.548069736
2015_1257_1411,0.968237834
2015_1257_1412,0.895945593
2015_1257_1414,0.862552774
2015_1257_1417,0.682707546
2015_1257_1428,0.486149114
2015_1257_1433,0.5797102
2015_1257_1434,0.820099202
2015_1257_1437,0.263613422
2015_1257_1438,0.307212648
2015_1257_1452,0.585552309
2015_1257_1455,0.478319478
2015_1257_1458,0.221719219
2015_1257_1459,0.86627042
2015_1257_1461,0.836254058
2015_1257_1462,0.575563955
2015_1261_1264,0.79351099
2015_1261_1268,0.396022785
2015_1261_1277,0.289585662
2015_1261_1279,0.509388058
2015_1261_1295,0.799539712
2015_1261_1301,0.394270148
2015_1261_1308,0.710417685
2015_1261_1314,0.222647637
2015_1261_1316,0.79820867
2015_1261_1318,0.726817542
2015_1261_1320,0.294921607
2015_1261_1323,0.22989953
2015_1261_1326,0.327508758
2015_1261_1328,0.23954995
2015_1261_1329,0.410431523
2015_1261_1332,0.448925538
2015_1261_1344,0.386313489
2015_1261_1345,0.42379877
2015_1261_1352,0.834560122
2015_1261_1361,0.466464991
2015_1261_1372,0.515549133
2015_1261_1374,0.360173884
2015_1261_1385,0.481939764
2015_1261_1400,0.319876524
2015_1261_1411,0.912850579
2015_1261_1412,0.75786714
2015_1261_1414,0.706052668
2015_1261_1417,0.460396688
2015_1261_1428,0.252942872
2015_1261_1433,0.355440805
2015_1261_1434,0.64506843
2015_1261_1437,0.130999982
2015_1261_1438,0.154096973
2015_1261_1452,0.328289377
2015_1261_1455,0.264373248
2015_1261_1458,0.107397189
2015_1261_1459,0.709358102
2015_1261_1461,0.666371791
2015_1261_1462,0.351212555
2015_1264_1268,0.14079498
2015_1264_1277,0.09002575
2015_1264_1279,0.205480526
2015_1264_1295,0.524944206
2015_1264_1301,0.139954107
2015_1264_1308,0.391466153
2015_1264_1314,0.068532099
2015_1264_1316,0.520275605
2015_1264_1318,0.431838537
2015_1264_1320,0.103738099
2015_1264_1323,0.078420532
2015_1264_1326,0.102016809
2015_1264_1328,0.078658058
2015_1264_1329,0.156468375
2015_1264_1332,0.176405658
2015_1264_1344,0.138130226
2015_1264_1345,0.169651632
2015_1264_1352,0.580876686
2015_1264_1361,0.190791625
2015_1264_1372,0.219795228
2015_1264_1374,0.126061603
2015_1264_1385,0.1923005
2015_1264_1400,0.107661165
2015_1264_1411,0.716180312
2015_1264_1412,0.455700713
2015_1264_1414,0.390587754
2015_1264_1417,0.169127409
2015_1264_1428,0.093552846
2015_1264_1433,0.115797586
2015_1264_1434,0.310049315
2015_1264_1437,0.03965889
2015_1264_1438,0.052110201
2015_1264_1452,0.110517162
2015_1264_1455,0.085680405
2015_1264_1458,0.033791853
2015_1264_1459,0.41754227
2015_1264_1461,0.34496335
2015_1264_1462,0.114575384
2015_1268_1277,0.37449099
2015_1268_1279,0.602361516
2015_1268_1295,0.864478648
2015_1268_1301,0.511766812
2015_1268_1308,0.792780625
2015_1268_1314,0.319589185
2015_1268_1316,0.865157606
2015_1268_1318,0.803333083
2015_1268_1320,0.382164475
2015_1268_1323,0.329112335
2015_1268_1326,0.432785654
2015_1268_1328,0.343240684
2015_1268_1329,0.527202865
2015_1268_1332,0.573080225
2015_1268_1344,0.498828399
2015_1268_1345,0.538838629
2015_1268_1352,0.896585563
2015_1268_1361,0.572246359
2015_1268_1372,0.619298929
2015_1268_1374,0.478116808
2015_1268_1385,0.59905224
2015_1268_1400,0.427401934
2015_1268_1411,0.947115177
2015_1268_1412,0.829249159
2015_1268_1414,0.790622788
2015_1268_1417,0.578023088
2015_1268_1428,0.346952563
2015_1268_1433,0.444194722
2015_1268_1434,0.730664855
2015_1268_1437,0.200197639
2015_1268_1438,0.2389012
2015_1268_1452,0.475816718
2015_1268_1455,0.361327172
2015_1268_1458,0.171778825
2015_1268_1459,0.793398935
2015_1268_1461,0.753938319
2015_1268_1462,0.440503434
2015_1277_1279,0.706920865
2015_1277_1295,0.912206533
2015_1277_1301,0.619874002
2015_1277_1308,0.866144748
2015_1277_1314,0.421979051
2015_1277_1316,0.916912086
2015_1277_1318,0.874134888
2015_1277_1320,0.501892797
2015_1277_1323,0.429870217
2015_1277_1326,0.548299774
2015_1277_1328,0.442798103
2015_1277_1329,0.634984982
2015_1277_1332,0.677450609
2015_1277_1344,0.612749279
2015_1277_1345,0.650650323
2015_1277_1352,0.923986472
2015_1277_1361,0.675024989
2015_1277_1372,0.713634457
2015_1277_1374,0.591364466
2015_1277_1385,0.703416778
2015_1277_1400,0.541840142
2015_1277_1411,0.9647153
2015_1277_1412,0.894615662
2015_1277_1414,0.86101957
2015_1277_1417,0.682449677
2015_1277_1428,0.482308778
2015_1277_1433,0.574628092
2015_1277_1434,0.823155383
2015_1277_1437,0.27564423
2015_1277_1438,0.31931236
2015_1277_1452,0.550001635
2015_1277_1455,0.473420445
2015_1277_1458,0.233588564
2015_1277_1459,0.864312083
2015_1277_1461,0.832122344
2015_1277_1462,0.577994005
2015_1279_1295,0.800683714
2015_1279_1301,0.395358479
2015_1279_1308,0.715191327
2015_1279_1314,0.225841536
2015_1279_1316,0.801228153
2015_1279_1318,0.729628008
2015_1279_1320,0.296683495
2015_1279_1323,0.230727386
2015_1279_1326,0.317152857
2015_1279_1328,0.242433419
2015_1279_1329,0.41578154
2015_1279_1332,0.449925003
2015_1279_1344,0.387917642
2015_1279_1345,0.437364547
2015_1279_1352,0.835600876
2015_1279_1361,0.46762799
2015_1279_1372,0.518173732
2015_1279_1374,0.363198782
2015_1279_1385,0.470716619
2015_1279_1400,0.328123663
2015_1279_1411,0.910953699
2015_1279_1412,0.760698648
2015_1279_1414,0.710351295
2015_1279_1417,0.437630824
2015_1279_1428,0.254141903
2015_1279_1433,0.357328648
2015_1279_1434,0.648805514
2015_1279_1437,0.128923641
2015_1279_1438,0.154831257
2015_1279_1452,0.331709557
2015_1279_1455,0.268044841
2015_1279_1458,0.105339465
2015_1279_1459,0.713878332
2015_1279_1461,0.670606165
2015_1279_1462,0.354235197
2015_1295_1301,0.134960311
2015_1295_1308,0.368150943
2015_1295_1314,0.06672032
2015_1295_1316,0.475898521
2015_1295_1318,0.423150702
2015_1295_1320,0.101025071
2015_1295_1323,0.076546618
2015_1295_1326,0.09959696
2015_1295_1328,0.07643042
2015_1295_1329,0.151076996
2015_1295_1332,0.170512801
2015_1295_1344,0.132322067
2015_1295_1345,0.16406574
2015_1295_1352,0.544761922
2015_1295_1361,0.184129889
2015_1295_1372,0.213705131
2015_1295_1374,0.123036765
2015_1295_1385,0.186492497
2015_1295_1400,0.104858134
2015_1295_1411,0.68152097
2015_1295_1412,0.446707366
2015_1295_1414,0.380670666
2015_1295_1417,0.16324004
2015_1295_1428,0.090978641
2015_1295_1433,0.111024749
2015_1295_1434,0.301898924
2015_1295_1437,0.038532892
2015_1295_1438,0.050952681
2015_1295_1452,0.105306894
2015_1295_1455,0.083843372
2015_1295_1458,0.032560834
2015_1295_1459,0.407524591
2015_1295_1461,0.335409451
2015_1295_1462,0.109078824
2015_1301_1308,0.790959718
2015_1301_1314,0.308882312
2015_1301_1316,0.863923246
2015_1301_1318,0.805118061
2015_1301_1320,0.383766861
2015_1301_1323,0.315649248
2015_1301_1326,0.421890189
2015_1301_1328,0.326510706
2015_1301_1329,0.528972322
2015_1301_1332,0.574710492
2015_1301_1344,0.504534722
2015_1301_1345,0.542552162
2015_1301_1352,0.895647431
2015_1301_1361,0.574113886
2015_1301_1372,0.619814081
2015_1301_1374,0.467817659
2015_1301_1385,0.600499976
2015_1301_1400,0.426569736
2015_1301_1411,0.948250821
2015_1301_1412,0.830663521
2015_1301_1414,0.789318925
2015_1301_1417,0.579580155
2015_1301_1428,0.340417123
2015_1301_1433,0.445557771
2015_1301_1434,0.730231804
2015_1301_1437,0.189547943
2015_1301_1438,0.228086914
2015_1301_1452,0.444658987
2015_1301_1455,0.353813765
2015_1301_1458,0.162285104
2015_1301_1459,0.791404667
2015_1301_1461,0.754727941
2015_1301_1462,0.443963624
2015_1308_1314,0.095628851
2015_1308_1316,0.616769576
2015_1308_1318,0.533903725
2015_1308_1320,0.138385247
2015_1308_1323,0.10364175
2015_1308_1326,0.152809558
2015_1308_1328,0.107174341
2015_1308_1329,0.227397623
2015_1308_1332,0.253380801
2015_1308_1344,0.200044687
2015_1308_1345,0.250727552
2015_1308_1352,0.680723016
2015_1308_1361,0.263233295
2015_1308_1372,0.297219433
2015_1308_1374,0.18056664
2015_1308_1385,0.272582418
2015_1308_1400,0.15911513
2015_1308_1411,0.794399963
2015_1308_1412,0.570125359
2015_1308_1414,0.482690925
2015_1308_1417,0.243854851
2015_1308_1428,0.121153899
2015_1308_1433,0.175923382
2015_1308_1434,0.409264012
2015_1308_1437,0.055968827
2015_1308_1438,0.070954474
2015_1308_1452,0.164584824
2015_1308_1455,0.119041957
2015_1308_1458,0.047461331
2015_1308_1459,0.52271285
2015_1308_1461,0.432741357
2015_1308_1462,0.171671717
2015_1314_1316,0.935905994
2015_1314_1318,0.90625822
2015_1314_1320,0.587611988
2015_1314_1323,0.513884761
2015_1314_1326,0.622092409
2015_1314_1328,0.52119263
2015_1314_1329,0.708696799
2015_1314_1332,0.744794174
2015_1314_1344,0.67570633
2015_1314_1345,0.7242177
2015_1314_1352,0.941254906
2015_1314_1361,0.743713014
2015_1314_1372,0.775861692
2015_1314_1374,0.650708176
2015_1314_1385,0.770302298
2015_1314_1400,0.613073456
2015_1314_1411,0.974780715
2015_1314_1412,0.921949337
2015_1314_1414,0.899532817
2015_1314_1417,0.750354922
2015_1314_1428,0.557778476
2015_1314_1433,0.649824839
2015_1314_1434,0.869550473
2015_1314_1437,0.324347644
2015_1314_1438,0.3771259
2015_1314_1452,0.652972023
2015_1314_1455,0.568617022
2015_1314_1458,0.274594891
2015_1314_1459,0.90273406
2015_1314_1461,0.874462299
2015_1314_1462,0.642964303
2015_1316_1318,0.419407157
2015_1316_1320,0.090855847
2015_1316_1323,0.072144266
2015_1316_1326,0.101739287
2015_1316_1328,0.07378622
2015_1316_1329,0.153742912
2015_1316_1332,0.168033372
2015_1316_1344,0.136056501
2015_1316_1345,0.169688852
2015_1316_1352,0.564366259
2015_1316_1361,0.18191763
2015_1316_1372,0.207437085
2015_1316_1374,0.116635393
2015_1316_1385,0.186535146
2015_1316_1400,0.105402824
2015_1316_1411,0.711161359
2015_1316_1412,0.442654459
2015_1316_1414,0.380794882
2015_1316_1417,0.16385672
2015_1316_1428,0.087448322
2015_1316_1433,0.113001077
2015_1316_1434,0.304808907
2015_1316_1437,0.035210111
2015_1316_1438,0.048438232
2015_1316_1452,0.113211326
2015_1316_1455,0.077406079
2015_1316_1458,0.031328964
2015_1316_1459,0.407532099
2015_1316_1461,0.335926475
2015_1316_1462,0.111867265
2015_1318_1320,0.145575301
2015_1318_1323,0.10774979
2015_1318_1326,0.141965008
2015_1318_1328,0.105789114
2015_1318_1329,0.21141444
2015_1318_1332,0.240957649
2015_1318_1344,0.190173651
2015_1318_1345,0.231610915
2015_1318_1352,0.639501518
2015_1318_1361,0.2545737
2015_1318_1372,0.288573548
2015_1318_1374,0.175772829
2015_1318_1385,0.257499331
2015_1318_1400,0.149404144
2015_1318_1411,0.759335056
2015_1318_1412,0.561241744
2015_1318_1414,0.473870373
2015_1318_1417,0.228963901
2015_1318_1428,0.124031399
2015_1318_1433,0.166051541
2015_1318_1434,0.39360601
2015_1318_1437,0.060118655
2015_1318_1438,0.073855939
2015_1318_1452,0.151717039
2015_1318_1455,0.119445075
2015_1318_1458,0.047841834
2015_1318_1459,0.500250661
2015_1318_1461,0.424375685
2015_1318_1462,0.164462843
2015_1320_1323,0.43407743
2015_1320_1326,0.542282003
2015_1320_1328,0.445929691
2015_1320_1329,0.630004784
2015_1320_1332,0.677849284
2015_1320_1344,0.597243969
2015_1320_1345,0.645034768
2015_1320_1352,0.919788706
2015_1320_1361,0.671498695
2015_1320_1372,0.717730147
2015_1320_1374,0.573005101
2015_1320_1385,0.701878577
2015_1320_1400,0.534476993
2015_1320_1411,0.96055879
2015_1320_1412,0.878161446
2015_1320_1414,0.859242656
2015_1320_1417,0.681659796
2015_1320_1428,0.477519177
2015_1320_1433,0.570703394
2015_1320_1434,0.819132479
2015_1320_1437,0.263925844
2015_1320_1438,0.315478369
2015_1320_1452,0.573275383
2015_1320_1455,0.473292496
2015_1320_1458,0.224456112
2015_1320_1459,0.861243599
2015_1320_1461,0.82002747
2015_1320_1462,0.563245704
2015_1323_1326,0.616401457
2015_1323_1328,0.523052621
2015_1323_1329,0.700708096
2015_1323_1332,0.740532838
2015_1323_1344,0.670977053
2015_1323_1345,0.711897331
2015_1323_1352,0.934308818
2015_1323_1361,0.741319004
2015_1323_1372,0.778052402
2015_1323_1374,0.646531288
2015_1323_1385,0.765000307
2015_1323_1400,0.607271481
2015_1323_1411,0.970539958
2015_1323_1412,0.909867383
2015_1323_1414,0.888856442
2015_1323_1417,0.745604057
2015_1323_1428,0.546275601
2015_1323_1433,0.644757809
2015_1323_1434,0.865364689
2015_1323_1437,0.332037829
2015_1323_1438,0.385249628
2015_1323_1452,0.647423693
2015_1323_1455,0.544944296
2015_1323_1458,0.27858539
2015_1323_1459,0.892767255
2015_1323_1461,0.858504538
2015_1323_1462,0.637940323
2015_1326_1328,0.398008606
2015_1326_1329,0.600253378
2015_1326_1332,0.631803288
2015_1326_1344,0.569829304
2015_1326_1345,0.628020987
2015_1326_1352,0.910235274
2015_1326_1361,0.646601867
2015_1326_1372,0.685378431
2015_1326_1374,0.547978409
2015_1326_1385,0.654957547
2015_1326_1400,0.519969551
2015_1326_1411,0.956882182
2015_1326_1412,0.87797736
2015_1326_1414,0.839815725
2015_1326_1417,0.654795281
2015_1326_1428,0.410753379
2015_1326_1433,0.511205848
2015_1326_1434,0.799699506
2015_1326_1437,0.24009143
2015_1326_1438,0.278001004
2015_1326_1452,0.506528994
2015_1326_1455,0.428066346
2015_1326_1458,0.19884701
2015_1326_1459,0.844282206
2015_1326_1461,0.811290801
2015_1326_1462,0.509520443
2015_1328_1329,0.687217652
2015_1328_1332,0.726386175
2015_1328_1344,0.656817015
2015_1328_1345,0.705128291
2015_1328_1352,0.931979637
2015_1328_1361,0.725947942
2015_1328_1372,0.758874488
2015_1328_1374,0.630699441
2015_1328_1385,0.752665097
2015_1328_1400,0.590607869
2015_1328_1411,0.969343174
2015_1328_1412,0.911437008
2015_1328_1414,0.886980065
2015_1328_1417,0.731688262
2015_1328_1428,0.536851749
2015_1328_1433,0.629571993
2015_1328_1434,0.856241941
2015_1328_1437,0.311444104
2015_1328_1438,0.360873801
2015_1328_1452,0.630688132
2015_1328_1455,0.52278895
2015_1328_1458,0.261191092
2015_1328_1459,0.890716864
2015_1328_1461,0.859516146
2015_1328_1462,0.622632824
2015_1329_1332,0.525073105
2015_1329_1344,0.463987064
2015_1329_1345,0.526376261
2015_1329_1352,0.877714981
2015_1329_1361,0.568592995
2015_1329_1372,0.597154521
2015_1329_1374,0.440054933
2015_1329_1385,0.572622857
2015_1329_1400,0.38905475
2015_1329_1411,0.937868255
2015_1329_1412,0.814719139
2015_1329_1414,0.768277413
2015_1329_1417,0.557130063
2015_1329_1428,0.324715406
2015_1329_1433,0.431080226
2015_1329_1434,0.710867532
2015_1329_1437,0.181336652
2015_1329_1438,0.213330519
2015_1329_1452,0.404175443
2015_1329_1455,0.339615148
2015_1329_1458,0.150407864
2015_1329_1459,0.771721424
2015_1329_1461,0.733990776
2015_1329_1462,0.42869173
2015_1332_1344,0.44517848
2015_1332_1345,0.488738904
2015_1332_1352,0.867374583
2015_1332_1361,0.523761776
2015_1332_1372,0.567373636
2015_1332_1374,0.393139701
2015_1332_1385,0.545645639
2015_1332_1400,0.361582873
2015_1332_1411,0.931137799
2015_1332_1412,0.788615988
2015_1332_1414,0.744575455
2015_1332_1417,0.52219932
2015_1332_1428,0.287859688
2015_1332_1433,0.385892922
2015_1332_1434,0.681371836
2015_1332_1437,0.148146315
2015_1332_1438,0.180794304
2015_1332_1452,0.367158098
2015_1332_1455,0.295135442
2015_1332_1458,0.129455397
2015_1332_1459,0.746865369
2015_1332_1461,0.705353208
2015_1332_1462,0.38418897
2015_1344_1345,0.551789323
2015_1344_1352,0.88733344
2015_1344_1361,0.581228192
2015_1344_1372,0.624323031
2015_1344_1374,0.462969352
2015_1344_1385,0.604682959
2015_1344_1400,0.421559707
2015_1344_1411,0.942389317
2015_1344_1412,0.83487369
2015_1344_1414,0.794640322
2015_1344_1417,0.585695408
2015_1344_1428,0.354783906
2015_1344_1433,0.453197796
2015_1344_1434,0.741695431
2015_1344_1437,0.201886194
2015_1344_1438,0.23467772
2015_1344_1452,0.430415383
2015_1344_1455,0.374417567
2015_1344_1458,0.159705018
2015_1344_1459,0.798576619
2015_1344_1461,0.759508712
2015_1344_1462,0.446763573
2015_1345_1352,0.865675042
2015_1345_1361,0.554452585
2015_1345_1372,0.577189486
2015_1345_1374,0.421727308
2015_1345_1385,0.558574697
2015_1345_1400,0.366085623
2015_1345_1411,0.93359858
2015_1345_1412,0.795846338
2015_1345_1414,0.745203513
2015_1345_1417,0.524009249
2015_1345_1428,0.313037218
2015_1345_1433,0.417154614
2015_1345_1434,0.689258607
2015_1345_1437,0.181234182
2015_1345_1438,0.206256453
2015_1345_1452,0.384452601
2015_1345_1455,0.32350475
2015_1345_1458,0.151676927
2015_1345_1459,0.7486378
2015_1345_1461,0.710843332
2015_1345_1462,0.41168778
2015_1352_1361,0.148746258
2015_1352_1372,0.169596416
2015_1352_1374,0.103559299
2015_1352_1385,0.150680632
2015_1352_1400,0.093664136
2015_1352_1411,0.649450101
2015_1352_1412,0.383487873
2015_1352_1414,0.316852041
2015_1352_1417,0.130794303
2015_1352_1428,0.081042924
2015_1352_1433,0.087089812
2015_1352_1434,0.253024576
2015_1352_1437,0.031319332
2015_1352_1438,0.04412485
2015_1352_1452,0.096412307
2015_1352_1455,0.070160004
2015_1352_1458,0.029043648
2015_1352_1459,0.342022811
2015_1352_1461,0.27716086
2015_1352_1462,0.092171953
2015_1361_1372,0.537133657
2015_1361_1374,0.396558136
2015_1361_1385,0.503054258
2015_1361_1400,0.346845242
2015_1361_1411,0.918047316
2015_1361_1412,0.77623268
2015_1361_1414,0.732030707
2015_1361_1417,0.480985886
2015_1361_1428,0.283256919
2015_1361_1433,0.386451173
2015_1361_1434,0.670288085
2015_1361_1437,0.143902097
2015_1361_1438,0.17653902
2015_1361_1452,0.361827397
2015_1361_1455,0.299072706
2015_1361_1458,0.118128516
2015_1361_1459,0.735613414
2015_1361_1461,0.687391964
2015_1361_1462,0.384164072
2015_1372_1374,0.35072004
2015_1372_1385,0.466705195
2015_1372_1400,0.323413437
2015_1372_1411,0.90181085
2015_1372_1412,0.74382314
2015_1372_1414,0.69995834
2015_1372_1417,0.421703994
2015_1372_1428,0.247627271
2015_1372_1433,0.342886103
2015_1372_1434,0.634580667
2015_1372_1437,0.114318948
2015_1372_1438,0.148694138
2015_1372_1452,0.329395458
2015_1372_1455,0.258497812
2015_1372_1458,0.098931055
2015_1372_1459,0.702977814
2015_1372_1461,0.651359561
2015_1372_1462,0.341093488
2015_1374_1385,0.63389916
2015_1374_1400,0.456395139
2015_1374_1411,0.947625839
2015_1374_1412,0.849753915
2015_1374_1414,0.81442391
2015_1374_1417,0.611561702
2015_1374_1428,0.380550347
2015_1374_1433,0.47386419
2015_1374_1434,0.768957051
2015_1374_1437,0.209909226
2015_1374_1438,0.249697901
2015_1374_1452,0.476874953
2015_1374_1455,0.399391009
2015_1374_1458,0.173288745
2015_1374_1459,0.817796543
2015_1374_1461,0.776928249
2015_1374_1462,0.470177457
2015_1385_1400,0.337916453
2015_1385_1411,0.921134504
2015_1385_1412,0.772636265
2015_1385_1414,0.723905122
2015_1385_1417,0.478038924
2015_1385_1428,0.25993221
2015_1385_1433,0.360685115
2015_1385_1434,0.662005856
2015_1385_1437,0.133568701
2015_1385_1438,0.159449623
2015_1385_1452,0.33888946
2015_1385_1455,0.269883592
2015_1385_1458,0.112086456
2015_1385_1459,0.72666922
2015_1385_1461,0.684198009
2015_1385_1462,0.359248404
2015_1400_1411,0.954483082
2015_1400_1412,0.87179082
2015_1400_1414,0.833922612
2015_1400_1417,0.629876738
2015_1400_1428,0.419883179
2015_1400_1433,0.519629222
2015_1400_1434,0.792505146
2015_1400_1437,0.249412711
2015_1400_1438,0.286969944
2015_1400_1452,0.517500149
2015_1400_1455,0.437291716
2015_1400_1458,0.204151495
2015_1400_1459,0.837875644
2015_1400_1461,0.803152803
2015_1400_1462,0.517771052
2015_1411_1412,0.26070249
2015_1411_1414,0.204527005
2015_1411_1417,0.066933322
2015_1411_1428,0.037892334
2015_1411_1433,0.042471761
2015_1411_1434,0.153324652
2015_1411_1437,0.014971154
2015_1411_1438,0.016679633
2015_1411_1452,0.046900534
2015_1411_1455,0.032124817
2015_1411_1458,0.013127144
2015_1411_1459,0.226691192
2015_1411_1461,0.172149728
2015_1411_1462,0.045228713
2015_1412_1414,0.438575252
2015_1412_1417,0.200884513
2015_1412_1428,0.105374302
2015_1412_1433,0.143059321
2015_1412_1434,0.358212178
2015_1412_1437,0.047863058
2015_1412_1438,0.060635595
2015_1412_1452,0.131509038
2015_1412_1455,0.099597204
2015_1412_1458,0.038860702
2015_1412_1459,0.465453709
2015_1412_1461,0.388974025
2015_1412_1462,0.141287992
2015_1414_1417,0.247417356
2015_1414_1428,0.130509349
2015_1414_1433,0.178961516
2015_1414_1434,0.439980391
2015_1414_1437,0.060596132
2015_1414_1438,0.077429146
2015_1414_1452,0.17215373
2015_1414_1455,0.122549428
2015_1414_1458,0.052813975
2015_1414_1459,0.540567138
2015_1414_1461,0.437681361
2015_1414_1462,0.17625827
2015_1417_1428,0.282035793
2015_1417_1433,0.381305862
2015_1417_1434,0.6921595
2015_1417_1437,0.143762406
2015_1417_1438,0.175951975
2015_1417_1452,0.36130191
2015_1417_1455,0.290639535
2015_1417_1458,0.123759773
2015_1417_1459,0.755483568
2015_1417_1461,0.716081382
2015_1417_1462,0.379035458
2015_1428_1433,0.604722675
2015_1428_1434,0.846188295
2015_1428_1437,0.301189535
2015_1428_1438,0.349385182
2015_1428_1452,0.621034318
2015_1428_1455,0.505626055
2015_1428_1458,0.247739649
2015_1428_1459,0.8742468
2015_1428_1461,0.837373559
2015_1428_1462,0.610804771
2015_1433_1434,0.766038334
2015_1433_1437,0.22151745
2015_1433_1438,0.261633584
2015_1433_1452,0.485642143
2015_1433_1455,0.398920532
2015_1433_1458,0.187257034
2015_1433_1459,0.823497547
2015_1433_1461,0.788995813
2015_1433_1462,0.511515422
2015_1434_1437,0.070160203
2015_1434_1438,0.087157423
2015_1434_1452,0.216514478
2015_1434_1455,0.157938352
2015_1434_1458,0.058603371
2015_1434_1459,0.586035313
2015_1434_1461,0.499315703
2015_1434_1462,0.226985181
2015_1437_1438,0.566060939
2015_1437_1452,0.782757264
2015_1437_1455,0.717881765
2015_1437_1458,0.437332222
2015_1437_1459,0.94192067
2015_1437_1461,0.918680297
2015_1437_1462,0.77430738
2015_1438_1452,0.746210069
2015_1438_1455,0.66790443
2015_1438_1458,0.381343513
2015_1438_1459,0.925880507
2015_1438_1461,0.899447538
2015_1438_1462,0.737584848
2015_1452_1455,0.437486071
2015_1452_1458,0.175536149
2015_1452_1459,0.832958771
2015_1452_1461,0.799933677
2015_1452_1462,0.511043465
2015_1455_1458,0.238032607
2015_1455_1459,0.879925411
2015_1455_1461,0.846486521
2015_1455_1462,0.589882257
2015_1458_1459,0.950118454
2015_1458_1461,0.930699886
2015_1458_1462,0.816395563
2015_1459_1461,0.434464865
2015_1459_1462,0.172896075
2015_1461_1462,0.210359288
